country_id ,country_name,notice_period,healthcare,other_benefits,employer_id,employer_name,employer_website,description,funding_stage,scale_up_xp,smb_customers,b2c_customers,last_funding_amount,industry,team_size,eng_team_size,tech_chalenges,employer_backend_stack,employer_frontend_stack ,tools_text ,architecture,dev_ops,,,company,current_employer?,experience_employer_id,experience_user_id,user_id,linkedin_profile,first_name,last_name,Type,seniority ,job,user_country_id,email,password,city,total_years_xp,next_jobs,english_fluent?,user_backend_stack ğŸš§,user_frontend_stack ğŸš§,years_xp_per_stack ,expected_wage,area_median_wage,full_remote_only,university,timezone,employed_more_one_year,current_job_tenure (years),empl. start_year,user_customer_id,tech_recruiter?,customer_id,customer_name,req_customer_id,req_id,req_title,,,,,,,,,,,email_template 
1,Chile ,2 weeks,Healthcare: Private healthcare plans range from $70-$250 USD per month,PTO: 15 days of paid leave,1,AgendaPro,http://www.agendapro.com,"AgendaPro (YC W21) allows business owners to charge their customers online and easily schedule appointments. The all-in-one platform allow our customers to manage online appointments, but also helps them with their cash management, inventory management , marketing campaigns, loyalty programs, and CRM. Similar companies include Skello (ğŸ‡«ğŸ‡·) or HoneyBook (ğŸ‡ºğŸ‡¸)",Seed,,true,,,Saas ,51-100,20+,,Ruby on Rails ,React.js,"API (Payu, QVO)",AWS ,,,,AgendaPro,true,1,1,1,https://www.linkedin.com/in/rodrigo-monsalve-lagos-26372a112/ ,Rodrigo,Monsalve Lagos,,Senior,,1,1@gmail.com,1@gmail.com,Santiago ğŸ‡¨ğŸ‡±,,,,,,,,,true,,,true,,,,,1,Brex,1,1,Software engineer,,,,,,,,,,,@gmail.com
2,Argentina,,,,2,Airnguru,https://www.airnguru.com,"Airnguru provides a new generation of Fare Management technology, a Saas for airlines pricing intelligence and price execution. ",Seed,,,,$700â€¯000,Saas,11-50,10+,,,Angular ,API,,,,,AgendaPro,true,1,2,2,https://www.linkedin.com/in/rcerqueira11,Ricardo,Cerqueira,Full Stack,Senior,Full Stack Developer,1,2@gmail.com,2@gmail.com,Santiago ğŸ‡¨ğŸ‡±,,,,,,,,,true,,,,,,,,,,,,,,,,,,,,,,,@gmail.com
,,,,,3,Beetrack,http://www.beetrack.com,Beetrack is a real-time management software for your fleet and packages.,Seed,,,,$100 000,Saas,51-100,25+,,"Ruby on rails, Golang ",React.js,,"AWS, Opsworks, Chef",,,,AgendaPro,true,1,3,3,https://www.linkedin.com/in/jos%C3%A9-liscano-ba43b0127,JosÃ©,Liscano,,Mid-Senior ,Developer ,1,3@gmail.com,3@gmail.com,Santiago ğŸ‡¨ğŸ‡±,,,,,,,,,true,,,,,,,,,,,,,,,,,,,,,,,@gmail.com
,,,,,4,Betterfly ,https://betterfly.cl,Betterfly is a purpose-driven benefits platform that rewards healthy habits with charitable donations and no-cost life insurance coverage. Similar companies include Swile (ğŸ‡«ğŸ‡·) or Cherry (ğŸ‡ºğŸ‡¸).,Series B,true,true,,$60â€¯000â€¯000,Fintech,101-250,30+,,Django React.js,React.js (with Redux),"Webpack, Enzyme, WebSockets","AWS, Serverless Framework","Docker, Power BI, Confluence, JIRA, Scrum ",,,AgendaPro,true,1,4,4,https://www.linkedin.com/in/carlos-izquierdo-herrera,Carlos,Izquierdo,,Senior,Senior Software Engineer,1,4@gmail.com,4@gmail.com,Santiago ğŸ‡¨ğŸ‡±,,,,,,,,,true,,,,,,,,,,,,,,,,,,,,,,,@gmail.com
,,,,,5,Buk ,http://buk.cl,"Buk is a cloud-based human resource management software system that unifies a wide range of HR functionality into a single system. The software provides benefits, talent management, payroll, time tracking, recruiting among other solutions.",Series A,true,true,,$50 000 000,Saas,251-500,90+,,Ruby on rails,"Vue.js, JQuery",,"AWS, PostgreSQL",Sentry for errors / DelajedJob for async jobs,,,AgendaPro,true,1,5,5,https://www.linkedin.com/in/pablomarambio,Pablo,Marambio Cathalifaud,,Senior ,VP Engineering ,1,5@gmail.com,5@gmail.com,Santiago ğŸ‡¨ğŸ‡±,,,,,,,,,true,,,,,,,,,,,,,,,,,,,,,,,@gmail.com
,,,,,6,Chattigo ,https://www.chattigo.com,Chattigo is the platform to manage all the chats of your company in one place.,Series A,true,,,$2 000 000 ,Saas,51-100,15+,,"NodeJS(Nest.js), JavaRx(Spring), Go  ","Angular, Typescript",,"AWS, MySQL, MongoDB",,,,AgendaPro,true,1,6,6,https://www.linkedin.com/in/avilajose,Jose,Avila,Frontend,Senior,Frontend engineer ,1,6@gmail.com,6@gmail.com,Santiago ğŸ‡¨ğŸ‡±,,,,,,,,,true,,,,,,,,,,,,,,,,,,,,,,,@gmail.com
,,,,,7,ComparaOnline,https://www.comparaonline.com,ComparaOnline is a price comparison site for financial and insurance services in Latin America. Similar companies include PolicyGenius (ğŸ‡ºğŸ‡¸) or NerdWallet (ğŸ‡ºğŸ‡¸).,Series C,true ,,true,$14â€¯000â€¯000,Insurtech,251-500,30+,,"Node.js, Ruby on rails","React.js, Typescript",,"AWS, MySQL, PostgreSQL ","Docker, Datadog, New Relic, Kubernetes ",,,AgendaPro,true,1,7,7,https://www.linkedin.com/in/marco-antonio-arias-figueroa-6b969155,Marco,Antonio Arias Figueroa,Backend,Senior,Backend engineer ,1,7@gmail.com,7@gmail.com,Santiago ğŸ‡¨ğŸ‡±,,,,,,,,,true,,,,,,,,,,,,,,,,,,,,,,,@gmail.com
,,,,,8,Fintual,https://fintual.cl,"Fintual is an asset management startup that manages the investments of young professionals who want to invest well. It's a Y combinator startup. Similar companies include Robinhood (ğŸ‡ºğŸ‡¸), Trade Republic (ğŸ‡ªğŸ‡º) or Finary (ğŸ‡«ğŸ‡·).",Series A,true ,false,true,$39â€¯000â€¯000,Fintech,51-100,30+,,Ruby on Rails,"Vue.js, Typescript",GraphQL,AWS y/o GCP.,,,,AgendaPro,true,1,8,8,https://www.linkedin.com/in/nayhib-padron-b13545a8,Nayhib,Padron,Backend,Senior,Developer Ruby on Rails,1,8@gmail.com,8@gmail.com,Santiago ğŸ‡¨ğŸ‡±,,,,,,,,,true,,,,,,,,,,,,,,,,,,,,,,,@gmail.com
,,,,,9,Global 66,http://www.globant.com,Global 66 is an international online payment platform. Similar companies include Wise (ğŸ‡¬ğŸ‡§) or Payoneer.,Series A,true ,,true,$12â€¯000â€¯000,Fintech,51-100,25+,,Java,Vue.js,Springboot (Java),"AWS, MySQL, ECS Fargate","Jest (testing), Apache Maven, Scrum ",,,AgendaPro,true,1,9,9,https://www.linkedin.com/in/eric-labra-9865a210a,Eric,Labra,Backend,Mid-Senior ,Back-end developer,1,9@gmail.com,9@gmail.com,Santiago ğŸ‡¨ğŸ‡±,,,,,,,,,true,,,,,,,,,,,,,,,,,,,,,,,@gmail.com
,,,,,10,Justo,https://www.getjusto.com,Justo helps restaurants in Latin America to take online orders directly from their customers and increase their margins.,Seed,,,,$2â€¯300â€¯000,"Ecommerce, On-Demand",51-100,30+,,Node.js,React.js,,"MongoDB, AWS, DynamoDB, GraphQL",,,,Airnguru,true,2,10,10,https://www.linkedin.com/in/cmoltedos,CÃ©sar,Moltedo,,Senior,Head of Engineering ,1,10@gmail.com,10@gmail.com,Santiago ğŸ‡¨ğŸ‡±,,,,,,,,,true,,,,,,,,,,,,,,,,,,,,,,,@gmail.com
,,,,,11,Mach,http://www.somosmach.com,Mach is the first digital account in Chile that helps you move your money 100% free of charges and commissions. Similar companies include Revolut (ğŸ‡¬ğŸ‡§) or N26 (ğŸ‡ªğŸ‡º).,Seed,,,true,,Fintech,11-50,75+,,Node Js,"JavaScript, TypeScript ",,"AWS, microservices",,,,Airnguru,true,2,11,11,https://www.linkedin.com/in/luis-arguello-p,Luis,ArgÃ¼ello,,Senior,Head of Systems Architecture,1,11@gmail.com,11@gmail.com,Santiago ğŸ‡¨ğŸ‡±,,,,,,,,,true,,,,,,,,,,,,,,,,,,,,,,,@gmail.com
,,,,,12,Mediastream ,http://mediastre.am,Video streaming company. ,Series A,true ,,,$1â€¯700â€¯000,Entertainment,51-100,20+ ,,Node Js,"React, JQuery",,"AWS Lambda, Mongo DB, S3, CloudFront. GraphQL ","TDD and Unit Test. Jest, Enzyme, Selenium/Cypres",,,Airnguru,true,2,12,12,https://www.linkedin.com/in/jorge-llancafil-s%C3%A1nchez-3b06b69b,Jorge,Llancafil SÃ¡nchez,Frontend,Senior,Angular developer,1,12@gmail.com,12@gmail.com,Santiago ğŸ‡¨ğŸ‡±,,,,,,,,,true,,,,,,,,,,,,,,,,,,,,,,,@gmail.com
,,,,,13,Poliglota ,http://www.poliglota.org,"Poliglota is a Language education Startup with a social methodology, gathering teachers and students in coffee places across the world.",Seed,,,,$2â€¯500â€¯000,EdTech,51-100,20+ ,,Ruby on Rails,React.js,,Jenkins and AWS,Scrum ,,,Airnguru,true,2,13,13,https://www.linkedin.com/in/cristopher-arenas-fuentes,Cristopher,Arenas Fuentes,,Mid-Senior,Senior Developer ,1,13@gmail.com,13@gmail.com,Santiago ğŸ‡¨ğŸ‡±,,,,,,,,,true,,,,,,,,,,,,,,,,,,,,,,,@gmail.com
,,,,,14,Rankmi,http://www.rankmi.com,"Rankmi is a web platfom where companies can assess, manage and develop their leaders. They use the latest developments in psychometrics to help organisations and individuals develop their talent, gain insight about their strengths and weaknesses and foster engagement and performance.",Series A,true ,,,$1â€¯500â€¯000,HRTech,51-100,45+,,"Ruby on rails, Python (Flask)",React.js,,"AWS, Postgres, BBDD No Sql, ElasticSearch; Heroku, Git",,,,Airnguru,true,2,14,14,https://www.linkedin.com/in/clemente-paredes-g%C3%B3mez-27b2a8201,Clemente,Paredes GÃ³mez,,Junior,Estudiante en Universidad de Chile,1,14@gmail.com,14@gmail.com,Santiago ğŸ‡¨ğŸ‡±,,,,,,,,,true,,,,,,,,,,,,,,,,,,,,,,,@gmail.com
,,,,,15,Recorrido,http://www.recorrido.cl/,Reinventing long-distance bus travel to provide smart and affordable mobility for everyone in Latin America.,Seed,,,,$600â€¯000,Mobility,11-50,10+,,Ruby on Rails,"Vue.js, TypeScript - Tailwind + SCSS ",,"ElasticSearch, Redis y PostgreSQL, Jenkins ",,,,Airnguru,true,2,15,15,https://www.linkedin.com/in/alonsobm,Alonso,Bobadilla Montoya,,Mid-Senior,Senior Developer,1,15@gmail.com,15@gmail.com,Santiago ğŸ‡¨ğŸ‡±,,,,,,,,,true,,,,,,,,,,,,,,,,,,,,,,,@gmail.com
,,,,,16,SimpliRoute ,http://www.simpliroute.com,"SimpliRoute is an information technology company that specializes in the optimization, logistics, innovation, and big data. The company is dedicated to process optimization by means of designing innovative technological solutions for highly complex problems.",Series A,true ,,,,Logistics ,51-100,25+,,"Python, Java, Go ",,Queues (Kafka/RabbitMQ),"AWS, Microservices, Relacionales (MySql, Postgres), KVS, No-SQL (*);",,,,Beetrack ,true,3,16,16,https://www.linkedin.com/in/stephanie-burckhardt-30209725,Stephanie,Burckhardt,Backend,Senior,Backend Developer,1,16@gmail.com,16@gmail.com,Santiago ğŸ‡¨ğŸ‡±,,,,,,,,,true,,,,,,,,,,,,,,,,,,,,,,,@gmail.com
,,,,,17,Talana,https://www.talana.com/,"Talana is an HCM platform that does payroll processing, digital signature, and attendance rosts with an easy to use interface.",Seed,,,,$50â€¯000,Saas,11-50,37+,,Django,Vue.js,"Celery, RabbitMQ","PostgreSQL, Redis ","Jira, Gitlab, Sentry, Flower, CI/CD: Docker, Docker Compose",,,Beetrack ,true,3,17,17,https://www.linkedin.com/in/ignacio-umaran-53115124,Ignacio,Umaran,Frontend,Senior,Frontend developer,1,17@gmail.com,17@gmail.com,Santiago ğŸ‡¨ğŸ‡±,,,,,,,,,true,,,,,,,,,,,,,,,,,,,,,,,@gmail.com
,,,,,18,Time Jobs,https://www.timejobs.work/,Staffing on Demand Company,Seed,,,,$1â€¯100â€¯000,Marketplace,101-250,20+,,Node.js,"React.js (Next), Redux, Angular",,AWS,,,,Beetrack ,true,3,18,18,https://www.linkedin.com/in/kalelc,Andres,Colonia,,Senior,VP of Engineering,1,18@gmail.com,18@gmail.com,Santiago ğŸ‡¨ğŸ‡±,,,,,,,,,true,,,,,,,,,,,,,,,,,,,,,,,@gmail.com
,,,,,19,Webdox ,https://www.webdoxclm.com/,Webdox is a SaaS CLM focused on large and medium companies in LATAM and the US.,Seed,,true,,,Saas,11-50,25+,,Ruby on rails,React.js,,microservicios en API,"Jira, SonarQ, jUnit, Selenium, jMeter, Postman, etc",,,Beetrack ,true,3,19,19,https://www.linkedin.com/in/daniel-rivera-b3041a48,Daniel,Rivera,Frontend,Senior,Frontend Developer,1,19@gmail.com,19@gmail.com,Santiago ğŸ‡¨ğŸ‡±,,,,,,,,,true,,,,,,,,,,,,,,,,,,,,,,,@gmail.com
,,,,,20,WherEX,https://www.wherex.com/,wherEX is an e-sourcing solution that leverages machine learning to reduce procurement costs across all industries.,Series A,true ,,,$7â€¯000â€¯000,Saas,51-100,10+,,"PHP, (Symphony), Go ",Angular,,"MySQL y PostgreSQL, MangoDB, Redis",Git y BitBucket.,,,Beetrack ,true,3,20,20,https://www.linkedin.com/in/alexarenasf,Alex,Arenas Fuentes,Frontend,Senior,Frontend Developer ,1,20@gmail.com,20@gmail.com,Santiago ğŸ‡¨ğŸ‡±,,,,,,,,,true,,,,,,,,,,,,,,,,,,,,,,,@gmail.com
,,,,,21,Xepelin,https://www.xepelin.com/,"Xepelin provides financial services for small and medium-sized business in Latin America. Debt financing in particular. Similar companies include October (ğŸ‡«ğŸ‡·), Funding Circle (ğŸ´ó §ó ¢ó ¥ó ®ó §ó ¿).",Debt Financing,true,true,,$200â€¯000â€¯000,Fintech,101-250,25+,,"NodeJs,","React.js(Redux), ExpressJs","Yarn, Webpack","AWS, Amazon CloudFront, PosgreSQL, MariaDB ","Docker, and Kubernetes, ",,,Beetrack ,true,3,21,21,https://www.linkedin.com/in/natacha-avil%C3%A9s-06700a132,Natacha,AvilÃ©s,Frontend,,Frontend Developer ,1,21@gmail.com,21@gmail.com,Santiago ğŸ‡¨ğŸ‡±,,,,,,,,,true,,,,,,,,,,,,,,,,,,,,,,,@gmail.com
,,,,,22,Mulesoft ,http://www.mulesoft.com,"MuleSoft, owned by Salesforce, provides an integration and API platform that makes it easy to connect data from any system to create connected experiences.",Acquired,,,,,Saas,1001-5000,280+,,,,,,,,,Beetrack ,true,3,22,22,https://www.linkedin.com/in/julians-iturra-454282b5,Julians,Iturra,Backend,,Back End developer,1,22@gmail.com,22@gmail.com,Santiago ğŸ‡¨ğŸ‡±,,,,,,,,,true,,,,,,,,,,,,,,,,,,,,,,,@gmail.com
,,,,,23,4Talent,https://4talent.cl/,4Talent is a technological company specialized in the development of integral solutions for the management of people and human resources.,N/A,,,,,Professional Servics,11-50,10+,,,,,,,,,Beetrack ,true,3,23,23,https://www.linkedin.com/in/asilva-dev,Alejandro,Silva Aliaga,Frontend,,Front-end developer,1,23@gmail.com,23@gmail.com,Santiago ğŸ‡¨ğŸ‡±,,,,,,,,,true,,,,,,,,,,,,,,,,,,,,,,,@gmail.com
,,,,,24,Acid Labs,http://www.acid.cl/,Acid Labs is a technology company that offers a range of end-to-end software development and design solutions.,Seed,,,,,Professional Servics,51-100,100+,,,,,,,,,Beetrack ,true,3,24,24,https://www.linkedin.com/in/rosmeli-quintero-a5021a137,Rosmeli,Quintero,Frontend,,Frontend developer ,1,24@gmail.com,24@gmail.com,Santiago ğŸ‡¨ğŸ‡±,,,,,,,,,true,,,,,,,,,,,,,,,,,,,,,,,@gmail.com
,,,,,25,AIM Manager,https://www.aimmanager.com,"B2B SaaS Company, Workforce Management Solutions applied to Retail and Real Estate industry.",N/A,,,,,Proptech,11-50,5+,,,,,,,,,Beetrack ,true,3,25,25,https://www.linkedin.com/in/hern%C3%A1n-anabal%C3%B3n-chac%C3%B3n-cl,HernÃ¡n,AnabalÃ³n ChacÃ³n,Frontend,,Front-end developer,1,25@gmail.com,25@gmail.com,Santiago ğŸ‡¨ğŸ‡±,,,,,,,,,true,,,,,,,,,,,,,,,,,,,,,,,@gmail.com
,,,,,26,Banco BICE,https://www.bice.cl,Banco BICE is a Chilean bank.,N/A,,,,,Financial Services,1001-5000,45+,,,,,,,,,Betterfly,true,4,26,26,https://www.linkedin.com/in/pablofcruz,Pablo,Fabian Cruz Landeros,Full Stack,,Scrum Master,1,26@gmail.com,26@gmail.com,Santiago ğŸ‡¨ğŸ‡±,,,,,,,,,true,,,,,,,,,,,,,,,,,,,,,,,@gmail.com
,,,,,27,Boston Consulting Group (BCG),http://www.bcg.com,The Boston Consulting Group is a global management consulting firm and an advisor on business strategy.,N/A,,,,,Professional Servics,10001,1000+,,,,,,,,,Betterfly,true,4,27,27,https://www.linkedin.com/in/nelson-valenzuela-pe%C3%B1a-98b3a114a,Nelson,Valenzuela PeÃ±a,Backend,Senior,Sr Backend engineer,1,27@gmail.com,27@gmail.com,Santiago ğŸ‡¨ğŸ‡±,7+ years xp,"Senior Backend engineer, Tech lead",,,,,"$60,000","$55,000",true,,,true,,,,,,,,,,,,,,,,,,,,@gmail.com
,,,,,28,ComunidadFeliz,http://www.comunidadfeliz.com/,ComunidadFeliz.com is a finance management software for the administration of buildings and condominiums.,Series A,true ,,,$2â€¯000â€¯000,Fintech,11-50,20+,,,,,,,,,Betterfly,true,4,28,28,https://www.linkedin.com/in/carolinacorreayanez,carolina,correa,Frontend,,Front-end Developer,1,28@gmail.com,28@gmail.com,Santiago ğŸ‡¨ğŸ‡±,,,,,,,,,true,,,,,,,,,,,,,,,,,,,,,,,@gmail.com
,,,,,29,Cornershop,https://cornershopapp.com/,"Cornershop, owned by Uber, is the Instacart (on-demand grocery delivery service) of Latin America.",Series B,true ,,,$21â€¯000â€¯000,"Ecommerce, On-Demand",1001-5000,300+,,,,,,,,,Betterfly,true,4,29,29,https://www.linkedin.com/in/juan-escudero-94334124,Juan,Escudero,Frontend,,Frontend Developer,1,29@gmail.com,29@gmail.com,Santiago ğŸ‡¨ğŸ‡±,,,,,,,,,true,,,,,,,,,,,,,,,,,,,,,,,@gmail.com
,,,,,30,Devartis,https://www.devartis.com,Software development outsourcing,N/A,,,,,Saas,11-50,30+,,,,,,,,,Betterfly,true,4,30,30,https://www.linkedin.com/in/jessicaandreacatalanosorio88,Jessica,Andrea Catalan Osorio,Backend,Senior,Back-end developer ,1,30@gmail.com,30@gmail.com,Santiago ğŸ‡¨ğŸ‡±,7+ years xp,"Senior Backend engineer, Tech lead, Manager",,,,,"$60,000","$50,000",true,,,true,,,,,,,,,,,,,,,,,,,,@gmail.com
,,,,,31,Edipro,https://www.edipro.cl,"EdiPro is an integral platform for the management of security, finances and spaces of buildings and condominiums.",N/A,,,,$40â€¯000,Saas,1-10,1+,,,,,,,,,Buk,true,5,31,31,https://www.linkedin.com/in/sergiotorressantander,Sergio,Torres Santander,Full Stack,,Sr Full Stack Engineer ,1,31@gmail.com,31@gmail.com,Santiago ğŸ‡¨ğŸ‡±,,,,,,,,,true,,,,,,,,,,,,,,,,,,,,,,,@gmail.com
,,,,,32,El Tiempo,https://www.eltiempo.com/,El Tiempo is daily newspaper publisher company in Columbia.,N/A,,,,,Publisher,1001-5000,20+,,,,,,,,,Buk,true,5,32,32,https://www.linkedin.com/in/felgaete,Felipe,Gaete,Full Stack,,Software engineer ,1,32@gmail.com,32@gmail.com,Santiago ğŸ‡¨ğŸ‡±,,,,,,,,,true,,,,,,,,,,,,,,,,,,,,,,,@gmail.com
,,,,,33,Falabella,http://falabella.com,Falabella is a multinational chain of department stores owned by Chilean multinational company,N/A,,,,,Retail,10001,340+,,,,,,,,,Buk,true,5,33,33,https://www.linkedin.com/in/gugat,Gustavo,Salazar Loor,Backend,,Tech Lead,1,33@gmail.com,33@gmail.com,Santiago ğŸ‡¨ğŸ‡±,,,,,,,,,true,,,,,,,,,,,,,,,,,,,,,,,@gmail.com
,,,,,34,Globant,https://www.global66.com/,Globant is a digitally native technology services company building a new way of being digital.,IPO,,,,,Professional Servics,5001-10000,2500+,,,,,,,,,Buk,true,5,34,34,https://www.linkedin.com/in/josefina-hidalgo-jullian-a02625bb,Josefina,Hidalgo Jullian,Full Stack,,Full-stack engineer ,1,34@gmail.com,34@gmail.com,Santiago ğŸ‡¨ğŸ‡±,,,,,,,,,true,,,,,,,,,,,,,,,,,,,,,,,@gmail.com
,,,,,35,Latam Airlines,http://www.latamairlinesgroup.net,Latam Airlines Gp is an airline group with a vast network around the world offering air services to around 146 destinations in 26 countries.,N/A,,,,,Transportation,1001-5000,100+,,,,,,,,,Buk,true,5,35,35,https://www.linkedin.com/in/jos%C3%A9-sol%C3%A1s-moreno-745328144,JosÃ©,SolÃ¡s Moreno,Full Stack,,Tech Lead ,1,35@gmail.com,35@gmail.com,Santiago ğŸ‡¨ğŸ‡±,,,,,,,,,true,,,,,,,,,,,,,,,,,,,,,,,@gmail.com
,,,,,36,MediaMonks,http://www.media.monks.com,"Media.Monks is a global, digital-first marketing and advertising services company.",N/A,,,,,Advertising,501-1000,95+,,,,,,,,,Buk,true,5,36,36,https://www.linkedin.com/in/giovannidelucca,Giovanni,De Lucca,Manager,,Tech Lead ,1,36@gmail.com,36@gmail.com,Santiago ğŸ‡¨ğŸ‡±,,,,,,,,,true,,,,,,,,,,,,,,,,,,,,,,,@gmail.com
,,,,,37,Modyo,http://www.modyo.com/,Modyo provides software to build and manage the digital experience for leading organizations in Latin America.,Series Unknown,,,,,Saas,51-100,30+,,,,,,,,,Buk,true,5,37,37,https://www.linkedin.com/in/camiloflores,Camilo,Flores,Manager,,Software Engineer ,1,37@gmail.com,37@gmail.com,Santiago ğŸ‡¨ğŸ‡±,,,,,,,,,true,,,,,,,,,,,,,,,,,,,,,,,@gmail.com
,,,,,38,NCR Corporation,https://www.ncrcolibri.com/,"NCR Corporation is a leading software and services-led enterprise that is a provider in the financial, retail and hospitality industries.",N/A,,,,,Saas,10001,35+,,,,,,,,,Buk,true,5,38,38,https://www.linkedin.com/in/rsateler,Ricardo,Sateler,Full Stack,,Full Stack Developer,1,38@gmail.com,38@gmail.com,Santiago ğŸ‡¨ğŸ‡±,,,,,,,,,true,,,,,,,,,,,,,,,,,,,,,,,@gmail.com
,,,,,39,Cardumen Latam,,Digital agency - from Design to web development. ,N/A,,,,,Agency,,,,,,,,,,,Buk,true,5,39,39,https://www.linkedin.com/in/arieldelvallecarnicero,Ariel,del Valle Carnicero,Backend,,Backend Developer,1,39@gmail.com,39@gmail.com,Santiago ğŸ‡¨ğŸ‡±,,,,,,,,,true,,,,,,,,,,,,,,,,,,,,,,,@gmail.com
,,,,,40,Digitali,,Digital agency - from Design to web development. ,N/A,,,,,Agency,,,,,,,,,,,Buk,true,5,40,40,https://www.linkedin.com/in/kb714,Alexis,Aguirre CatalÃ¡n,Manager,,Tech Lead ,1,40@gmail.com,40@gmail.com,Santiago ğŸ‡¨ğŸ‡±,,,,,,,,,true,,,,,,,,,,,,,,,,,,,,,,,@gmail.com
,,,,,41,Yapo,,Yapo.cl is a safe and free trade site for Chileans who want to buy and sell anything in a safe and easy way.,Acquired,,,,$19 000 000 (Acquired),Marketplace,100+,20+,,,,,,,,,Buk,true,5,41,41,https://www.linkedin.com/in/meraioth-ulloa-salazar-46231a107,Meraioth,Ulloa Salazar,Manager,,Tech Lead,1,41@gmail.com,41@gmail.com,Santiago ğŸ‡¨ğŸ‡±,,,,,,,,,true,,,,,,,,,,,,,,,,,,,,,,,@gmail.com
,,,,,42,Admetricks,,"Admetricks focuses on providing agencies, publishers, and advertisers with business intelligence for online advertising.",Seed,,,,$300 000,AdTech,30+,7+,,,,,,,,,Buk,true,5,42,42,https://www.linkedin.com/in/cencina,CÃ©sar,Enrique Encina LeÃ³n,Manager,,Tech Lead ,1,42@gmail.com,42@gmail.com,Santiago ğŸ‡¨ğŸ‡±,,,,,,,,,true,,,,,,,,,,,,,,,,,,,,,,,@gmail.com
,,,,,43,PropertySimple,,PropertySimple creates content for real estate agents and posts it automatically to their social media accounts.,Seed,,,,$3 400 000,PropTech,10+,,,,,,,,,,Buk,true,5,43,43,https://www.linkedin.com/in/ezequiel-amador-ramirez-garcia-9ab141114,Ezequiel,Amador Ramirez Garcia,Manager,,Tech Lead ,1,43@gmail.com,43@gmail.com,Santiago ğŸ‡¨ğŸ‡±,,,,,,,,,true,,,,,,,,,,,,,,,,,,,,,,,@gmail.com
,,,,,44,Capitaria,,Capitaria creates trading technology for the financial market. ,Self funded,,,,Self-funded,Fintech,50-100,15+,,,,,,,,,Buk,true,5,44,44,https://www.linkedin.com/in/karolym-montiel-2174b4166,Karolym,Montiel,Frontend,,Frontend developer ,1,44@gmail.com,44@gmail.com,Santiago ğŸ‡¨ğŸ‡±,,,,,,,,,true,,,,,,,,,,,,,,,,,,,,,,,@gmail.com
,,,,,45,Microsoft ,,,,,,,,,,,,,,,,,,,Buk,true,5,45,45,https://www.linkedin.com/in/pablo-mella-parada-131a68155,Pablo,Mella Parada,Backend,,Backend Developer,1,45@gmail.com,45@gmail.com,Santiago ğŸ‡¨ğŸ‡±,,,,,,,,,true,,,,,,,,,,,,,,,,,,,,,,,@gmail.com
,,,,,,,,,,,,,,,,,,,,,,,,,Buk,true,5,46,46,https://www.linkedin.com/in/jarismendi,Julio,Arismendi,Full Stack,,Software Engineer ,1,46@gmail.com,46@gmail.com,Santiago ğŸ‡¨ğŸ‡±,,,,,,,,,true,,,,,,,,,,,,,,,,,,,,,,,@gmail.com
,,,,,,,,,,,,,,,,,,,,,,,,,Buk,true,5,47,47,https://www.linkedin.com/in/juliolinarezescobar,Julio,JosÃ© LinÃ¡rez Escobar,Full Stack,,Web developer ,1,47@gmail.com,47@gmail.com,Santiago ğŸ‡¨ğŸ‡±,,,,,,,,,true,,,,,,,,,,,,,,,,,,,,,,,@gmail.com
,,,,,,,,,,,,,,,,,,,,,,,,,Buk,true,5,48,48,https://www.linkedin.com/in/diego-quiroz-66861b108,Diego,Quiroz,Full Stack ,,Software Developer,1,48@gmail.com,48@gmail.com,Santiago ğŸ‡¨ğŸ‡±,,,,,,,,,true,,,,,,,,,,,,,,,,,,,,,,,@gmail.com
,,,,,,,,,,,,,,,,,,,,,,,,,Buk,true,5,49,49,https://www.linkedin.com/in/enmyperez,Enmy,Perez,Full Stack,,Software Engineer,1,49@gmail.com,49@gmail.com,Santiago ğŸ‡¨ğŸ‡±,,,,,,,,,true,,,,,,,,,,,,,,,,,,,,,,,@gmail.com
,,,,,,,,,,,,,,,,,,,,,,,,,Buk,true,5,50,50,https://www.linkedin.com/in/john-bidwell-boitano-a5230979,John,Bidwell Boitano,Full Stack,,Software Engineer,1,50@gmail.com,50@gmail.com,Santiago ğŸ‡¨ğŸ‡±,,,,,,,,,true,,,,,,,,,,,,,,,,,,,,,,,@gmail.com
,,,,,,,,,,,,,,,,,,,,,,,,,Chattigo,true,6,51,51,https://www.linkedin.com/in/javier-reyes-57998348,Javier,Reyes,Full Stack,,Sr Software Developer,1,51@gmail.com,51@gmail.com,Santiago ğŸ‡¨ğŸ‡±,,,,,,,,,true,,,,,,,,,,,,,,,,,,,,,,,@gmail.com
,,,,,,,,,,,,,,,,,,,,,,,,,Chattigo,true,6,52,52,https://www.linkedin.com/in/arielorta,Ariel,Orta,Manager,,Tech lead ,1,52@gmail.com,52@gmail.com,Santiago ğŸ‡¨ğŸ‡±,,,,,,,,,true,,,,,,,,,,,,,,,,,,,,,,,@gmail.com
,,,,,,,,,,,,,,,,,,,,,,,,,Chattigo,true,6,53,53,https://www.linkedin.com/in/leinier-alvarez-armas-272aab70,Leinier,Alvarez Armas,Backend ,,Architect ,1,53@gmail.com,53@gmail.com,Santiago ğŸ‡¨ğŸ‡±,,,,,,,,,true,,,,,,,,,,,,,,,,,,,,,,,@gmail.com
,,,,,,,,,,,,,,,,,,,,,,,,,Chattigo,true,6,54,54,https://www.linkedin.com/in/hugo-javier-pe%C3%B1a-67474a121,Hugo,Javier PeÃ±a,Manager,,Software Developer ,1,54@gmail.com,54@gmail.com,Santiago ğŸ‡¨ğŸ‡±,,,,,,,,,true,,,,,,,,,,,,,,,,,,,,,,,@gmail.com
,,,,,,,,,,,,,,,,,,,,,,,,,ComparaOnline ,true,7,55,55,https://www.linkedin.com/in/eseceve,Sebastian,Contreras Verdugo,Frontend,,Tech Lead Frontend,1,55@gmail.com,55@gmail.com,Santiago ğŸ‡¨ğŸ‡±,,,,,,,,,true,,,,,,,,,,,,,,,,,,,,,,,@gmail.com
,,,,,,,,,,,,,,,,,,,,,,,,,ComparaOnline ,true,7,56,56,https://www.linkedin.com/in/muruasebastian,Sebastian,MurÃºa,Backend ,,Backend developer ,1,56@gmail.com,56@gmail.com,Santiago ğŸ‡¨ğŸ‡±,,,,,,,,,true,,,,,,,,,,,,,,,,,,,,,,,@gmail.com
,,,,,,,,,,,,,,,,,,,,,,,,,ComparaOnline ,true,7,57,57,https://www.linkedin.com/in/javierlara1989,Javier,Lara,Backend,Senior,Backend Developer ,1,57@gmail.com,57@gmail.com,Santiago ğŸ‡¨ğŸ‡±,5+ years xp,"Senior Backend engineer, Tech lead",,,,,"$55,000","$50,000",true,,,true,,,,,,,,,,,,,,,,,,,,@gmail.com
,,,,,,,,,,,,,,,,,,,,,,,,,ComparaOnline ,true,7,58,58,https://www.linkedin.com/in/felipe-riveras-silva-724a9a110,Felipe,Riveras Silva,Backend ,,Backend Engineer ,1,58@gmail.com,58@gmail.com,Santiago ğŸ‡¨ğŸ‡±,,,,,,,,,true,,,,,,,,,,,,,,,,,,,,,,,@gmail.com
,,,,,,,,,,,,,,,,,,,,,,,,,ComparaOnline ,true,7,59,59,https://www.linkedin.com/in/fabian-vera-27919730,Fabian,Vera,Frontend,,Frontend Developer,1,59@gmail.com,59@gmail.com,Santiago ğŸ‡¨ğŸ‡±,,,,,,,,,true,,,,,,,,,,,,,,,,,,,,,,,@gmail.com
,,,,,,,,,,,,,,,,,,,,,,,,,ComparaOnline ,true,7,60,60,https://www.linkedin.com/in/suarezcumare,Tony,Suarez,Backend ,,IT Manager ,1,60@gmail.com,60@gmail.com,Santiago ğŸ‡¨ğŸ‡±,,,,,,,,,true,,,,,,,,,,,,,,,,,,,,,,,@gmail.com
,,,,,,,,,,,,,,,,,,,,,,,,,ComparaOnline ,true,7,61,61,https://www.linkedin.com/in/gonzalo-sanchez-molina-1a2595108,Gonzalo,Sanchez Molina,Full Stack,,Full Stack Developer,1,61@gmail.com,61@gmail.com,Santiago ğŸ‡¨ğŸ‡±,,,,,,,,,true,,,,,,,,,,,,,,,,,,,,,,,@gmail.com
,,,,,,,,,,,,,,,,,,,,,,,,,ComparaOnline ,true,7,62,62,https://www.linkedin.com/in/bernardo-arancibia-araos-a8417723,Bernardo,Arancibia Araos,Backend ,,Web Developer,1,62@gmail.com,62@gmail.com,Santiago ğŸ‡¨ğŸ‡±,,,,,,,,,true,,,,,,,,,,,,,,,,,,,,,,,@gmail.com
,,,,,,,,,,,,,,,,,,,,,,,,,Fintual,true,8,63,63,https://www.linkedin.com/in/saratscheff,Pedro,Saratscheff,Full Stack,,Sofware developer,1,63@gmail.com,63@gmail.com,Santiago ğŸ‡¨ğŸ‡±,,,,,,,,,true,,,,,,,,,,,,,,,,,,,,,,,@gmail.com
,,,,,,,,,,,,,,,,,,,,,,,,,Fintual,true,8,64,64,https://www.linkedin.com/in/jfweitz,Juan,Francisco Weitz,Full Stack,,Principal Software Engineer,1,64@gmail.com,64@gmail.com,Santiago ğŸ‡¨ğŸ‡±,,,,,,,,,true,,,,,,,,,,,,,,,,,,,,,,,@gmail.com
,,,,,,,,,,,,,,,,,,,,,,,,,Fintual,true,8,65,65,https://www.linkedin.com/in/reyesdejong,Esteban,Dirk Reyes de Jong,Full Stack/Data,,Software Developer,1,65@gmail.com,65@gmail.com,Santiago ğŸ‡¨ğŸ‡±,,,,,,,,,true,,,,,,,,,,,,,,,,,,,,,,,@gmail.com
,,,,,,,,,,,,,,,,,,,,,,,,,Fintual,true,8,66,66,https://www.linkedin.com/in/mihurtado,Matias,Hurtado,Full Stack,,Software Engineer,1,66@gmail.com,66@gmail.com,Santiago ğŸ‡¨ğŸ‡±,,,,,,,,,true,,,,,,,,,,,,,,,,,,,,,,,@gmail.com
,,,,,,,,,,,,,,,,,,,,,,,,,Fintual,true,8,67,67,https://www.linkedin.com/in/daquiroz,Daniela,Quiroz OlguÃ­n,Full Stack,,Software Developer,1,67@gmail.com,67@gmail.com,Santiago ğŸ‡¨ğŸ‡±,,,,,,,,,true,,,,,,,,,,,,,,,,,,,,,,,@gmail.com
,,,,,,,,,,,,,,,,,,,,,,,,,Fintual,true,8,68,68,https://www.linkedin.com/in/apimentelr,Alejandro,Pimentel,Full Stack,,Software Engineer,1,68@gmail.com,68@gmail.com,Santiago ğŸ‡¨ğŸ‡±,,,,,,,,,true,,,,,,,,,,,,,,,,,,,,,,,@gmail.com
,,,,,,,,,,,,,,,,,,,,,,,,,Fintual,true,8,69,69,https://www.linkedin.com/in/daniel-martinez-valenzuela,Daniel,MartÃ­nez,Full Stack,,Software Engineer,1,69@gmail.com,69@gmail.com,Santiago ğŸ‡¨ğŸ‡±,,,,,,,,,true,,,,,,,,,,,,,,,,,,,,,,,@gmail.com
,,,,,,,,,,,,,,,,,,,,,,,,,Fintual,true,8,70,70,https://www.linkedin.com/in/bgmacias,Boris,Gonzalez,Full Stack,Senior,Software Developer,1,70@gmail.com,70@gmail.com,Santiago ğŸ‡¨ğŸ‡±,5+ years xp,"Senior Backend engineer, Tech lead",,,,,"$55,000","$50,000",true,,,true,,,,,,,,,,,,,,,,,,,,@gmail.com
,,,,,,,,,,,,,,,,,,,,,,,,,Fintual,true,8,71,71,https://www.linkedin.com/in/oaestay,Ã“scar,Estay EspÃ­nola,Full Stack,,Developer ,1,71@gmail.com,71@gmail.com,Santiago ğŸ‡¨ğŸ‡±,,,,,,,,,true,,,,,,,,,,,,,,,,,,,,,,,@gmail.com
,,,,,,,,,,,,,,,,,,,,,,,,,Fintual,true,8,72,72,https://www.linkedin.com/in/edu-tapia,Eduardo,Tapia,Backend,,Ruby on Rails Developer,1,72@gmail.com,72@gmail.com,Santiago ğŸ‡¨ğŸ‡±,,,,,,,,,true,,,,,,,,,,,,,,,,,,,,,,,@gmail.com
,,,,,,,,,,,,,,,,,,,,,,,,,Fintual,true,8,73,73,https://www.linkedin.com/in/teresabracamonte,Teresa,Bracamonte,Data ,,Data engineer,1,73@gmail.com,73@gmail.com,Santiago ğŸ‡¨ğŸ‡±,,,,,,,,,true,,,,,,,,,,,,,,,,,,,,,,,@gmail.com
,,,,,,,,,,,,,,,,,,,,,,,,,Fintual,true,8,74,74,https://www.linkedin.com/in/geraldinemonsalve,Geraldine,Monsalve Santander,Full Stack,,Developer ,1,74@gmail.com,74@gmail.com,Santiago ğŸ‡¨ğŸ‡±,,,,,,,,,true,,,,,,,,,,,,,,,,,,,,,,,@gmail.com
,,,,,,,,,,,,,,,,,,,,,,,,,Fintual,true,8,75,75,https://www.linkedin.com/in/nicolas-campos,NicolÃ¡s,Campos Emperiale,Full Stack,,Developer,1,75@gmail.com,75@gmail.com,Santiago ğŸ‡¨ğŸ‡±,,,,,,,,,true,,,,,,,,,,,,,,,,,,,,,,,@gmail.com
,,,,,,,,,,,,,,,,,,,,,,,,,Global 66,true,9,76,76,https://www.linkedin.com/in/nicolasdamelio,Nicolas,D'Amelio,Backend ,,Head of Architecture,1,76@gmail.com,76@gmail.com,Santiago ğŸ‡¨ğŸ‡±,,,,,,,,,true,,,,,,,,,,,,,,,,,,,,,,,@gmail.com
,,,,,,,,,,,,,,,,,,,,,,,,,Global 66,true,9,77,77,https://www.linkedin.com/in/pedro-pico-760894109,Pedro,Pico,Frontend,,Frontend Tech lead,1,77@gmail.com,77@gmail.com,Santiago ğŸ‡¨ğŸ‡±,,,,,,,,,true,,,,,,,,,,,,,,,,,,,,,,,@gmail.com
,,,,,,,,,,,,,,,,,,,,,,,,,Global 66,true,9,78,78,https://www.linkedin.com/in/danilo-andres-ferreira-barra,Danilo,AndrÃ©s Ferreira Barra,Full Stack,,Software developer ,1,78@gmail.com,78@gmail.com,Santiago ğŸ‡¨ğŸ‡±,,,,,,,,,true,,,,,,,,,,,,,,,,,,,,,,,@gmail.com
,,,,,,,,,,,,,,,,,,,,,,,,,Global 66,true,9,79,79,https://www.linkedin.com/in/francelys-heredia-526889a2,Francelys,Heredia,Backend,Senior,Software developer,1,79@gmail.com,79@gmail.com,Santiago ğŸ‡¨ğŸ‡±,5+ years xp,"Senior Backend engineer, Tech lead",,,,,"$55,000","$50,000",true,,,true,,,,,,,,,,,,,,,,,,,,@gmail.com
,,,,,,,,,,,,,,,,,,,,,,,,,Global 66,true,9,80,80,https://www.linkedin.com/in/javier-sarmiento-sastriques,Javier,Sarmiento Sastriques,Frontend,,Front End Tech lead ,1,80@gmail.com,80@gmail.com,Santiago ğŸ‡¨ğŸ‡±,,,,,,,,,true,,,,,,,,,,,,,,,,,,,,,,,@gmail.com
,,,,,,,,,,,,,,,,,,,,,,,,,Global 66,true,9,81,81,https://www.linkedin.com/in/patrick-antoine-concha-91266a70,Patrick,Antoine Concha,Growth,,Growth Web Developer,1,81@gmail.com,81@gmail.com,Santiago ğŸ‡¨ğŸ‡±,,,,,,,,,true,,,,,,,,,,,,,,,,,,,,,,,@gmail.com
,,,,,,,,,,,,,,,,,,,,,,,,,Global 66,true,9,82,82,https://www.linkedin.com/in/leceal,Leopoldo,Soto,Backend,Senior,Backend developer,1,82@gmail.com,82@gmail.com,Santiago ğŸ‡¨ğŸ‡±,7+ years xp,"Senior Backend engineer, Tech lead, Manager",,,,,"$60,000","$55,000",true,,,true,,,,,,,,,,,,,,,,,,,,@gmail.com
,,,,,,,,,,,,,,,,,,,,,,,,,Global 66,true,9,83,83,https://www.linkedin.com/in/diego-gallardo-l%C3%B3pez-3590b174,Diego,Gallardo LÃ³pez,Cybersecurity,,Tech Head of Cybersecurity ,1,83@gmail.com,83@gmail.com,Santiago ğŸ‡¨ğŸ‡±,,,,,,,,,true,,,,,,,,,,,,,,,,,,,,,,,@gmail.com
,,,,,,,,,,,,,,,,,,,,,,,,,Justo,true,10,84,84,https://www.linkedin.com/in/sebastianiturra,SebastiÃ¡n,Iturra ValdÃ©s,Manager,Senior,Lead Engineer ,1,84@gmail.com,84@gmail.com,Santiago ğŸ‡¨ğŸ‡±,,,,,,,,,true,,,,,,,,,,,,,,,,,,,,,,,@gmail.com
,,,,,,,,,,,,,,,,,,,,,,,,,Justo,true,10,85,85,https://www.linkedin.com/in/daniel-merrill,Daniel,Merrill,Manager,Senior,Sr Lead Software Engineer,1,85@gmail.com,85@gmail.com,Santiago ğŸ‡¨ğŸ‡±,,,,,,,,,true,,,,,,,,,,,,,,,,,,,,,,,@gmail.com
,,,,,,,,,,,,,,,,,,,,,,,,,Justo,true,10,86,86,https://www.linkedin.com/in/gabriel-wurman-ventura-26640382,Gabriel,Wurman Ventura,Manager,Senior,Sr Lead Developer ,1,86@gmail.com,86@gmail.com,Santiago ğŸ‡¨ğŸ‡±,,,,,,,,,true,,,,,,,,,,,,,,,,,,,,,,,@gmail.com
,,,,,,,,,,,,,,,,,,,,,,,,,Justo,true,10,87,87,https://www.linkedin.com/in/felipesuazocl,Felipe,Suazo,Full Stack,Senior,Sr Software Engineer ,1,87@gmail.com,87@gmail.com,Santiago ğŸ‡¨ğŸ‡±,,,,,,,,,true,,,,,,,,,,,,,,,,,,,,,,,@gmail.com
,,,,,,,,,,,,,,,,,,,,,,,,,Justo,true,10,88,88,https://www.linkedin.com/in/hectorpinero,Hector,PiÃ±ero,Full Stack,Senior,Lead Software Engineer ,1,88@gmail.com,88@gmail.com,Santiago ğŸ‡¨ğŸ‡±,,,,,,,,,true,,,,,,,,,,,,,,,,,,,,,,,@gmail.com
,,,,,,,,,,,,,,,,,,,,,,,,,Justo,true,10,89,89,https://www.linkedin.com/in/renemujica,RenÃ©,Mujica Moreau,Backend,Senior,Lead Software Engineer,1,89@gmail.com,89@gmail.com,Santiago ğŸ‡¨ğŸ‡±,,,,,,,,,true,,,,,,,,,,,,,,,,,,,,,,,@gmail.com
,,,,,,,,,,,,,,,,,,,,,,,,,Justo,true,10,90,90,https://www.linkedin.com/in/javier-rodriguez-quintana-47b4108a,Javier,Rodriguez Quintana,Backend,Senior,Lead Software Engineer,1,90@gmail.com,90@gmail.com,Santiago ğŸ‡¨ğŸ‡±,,,,,,,,,true,,,,,,,,,,,,,,,,,,,,,,,@gmail.com
,,,,,,,,,,,,,,,,,,,,,,,,,Justo,true,10,91,91,https://www.linkedin.com/in/pierodivasto,Piero,A. Divasto MartÃ­nez,Full Stack ,Senior,Lead Software Engineer ,1,91@gmail.com,91@gmail.com,Santiago ğŸ‡¨ğŸ‡±,,,,,,,,,true,,,,,,,,,,,,,,,,,,,,,,,@gmail.com
,,,,,,,,,,,,,,,,,,,,,,,,,Justo,true,10,92,92,https://www.linkedin.com/in/javier-letelier-ruiz-28456b12a,Javier,Letelier Ruiz,Manager,Senior,Engineering director ,1,92@gmail.com,92@gmail.com,Santiago ğŸ‡¨ğŸ‡±,,,,,,,,,true,,,,,,,,,,,,,,,,,,,,,,,@gmail.com
,,,,,,,,,,,,,,,,,,,,,,,,,Justo,true,10,93,93,https://www.linkedin.com/in/jjgumuciol,JosÃ©,JoaquÃ­n Gumucio LabbÃ©,Full Stack,Senior,Fullstack Engineer,1,93@gmail.com,93@gmail.com,Santiago ğŸ‡¨ğŸ‡±,,,,,,,,,true,,,,,,,,,,,,,,,,,,,,,,,@gmail.com
,,,,,,,,,,,,,,,,,,,,,,,,,Justo,true,10,94,94,https://www.linkedin.com/in/christian-gaggero,Christian,Gaggero,Full Stack,Mid-Senior,Software Engineer,1,94@gmail.com,94@gmail.com,Santiago ğŸ‡¨ğŸ‡±,,,,,,,,,true,,,,,,,,,,,,,,,,,,,,,,,@gmail.com
,,,,,,,,,,,,,,,,,,,,,,,,,Justo,true,10,95,95,https://www.linkedin.com/in/raimundo-carmona-penna-40a66215b,Raimundo,Carmona Penna,Backend,Mid-Senior,Software Engineer,1,95@gmail.com,95@gmail.com,Santiago ğŸ‡¨ğŸ‡±,,,,,,,,,true,,,,,,,,,,,,,,,,,,,,,,,@gmail.com
,,,,,,,,,,,,,,,,,,,,,,,,,Justo,true,10,96,96,https://www.linkedin.com/in/carlos-molina-beltran,Carlos,Molina Beltran,Full Stack,Mid-Senior,Sr Software Engineer,1,96@gmail.com,96@gmail.com,Santiago ğŸ‡¨ğŸ‡±,,,,,,,,,true,,,,,,,,,,,,,,,,,,,,,,,@gmail.com
,,,,,,,,,,,,,,,,,,,,,,,,,Justo,true,10,97,97,https://www.linkedin.com/in/nicol%C3%A1s-masnovo-72497165,NicolÃ¡s,Masnovo,Frontend,Senior,Sr. Software Engineer,1,97@gmail.com,97@gmail.com,Santiago ğŸ‡¨ğŸ‡±,,,,,,,,,true,,,,,,,,,,,,,,,,,,,,,,,@gmail.com
,,,,,,,,,,,,,,,,,,,,,,,,,Justo,true,10,98,98,https://www.linkedin.com/in/juan-carlos-sardin,Juan,Ca Sardin AvendaÃ±o,Full Stack,Senior,Sr Software Engineer,1,98@gmail.com,98@gmail.com,Santiago ğŸ‡¨ğŸ‡±,,,,,,,,,true,,,,,,,,,,,,,,,,,,,,,,,@gmail.com
,,,,,,,,,,,,,,,,,,,,,,,,,Mach,true,11,99,99,https://www.linkedin.com/in/felipe-rodriguez-56ab18b8,Felipe,Rodriguez,Full Stack,Senior,Software Engineer,1,99@gmail.com,99@gmail.com,Santiago ğŸ‡¨ğŸ‡±,,,,,,,,,true,,,,,,,,,,,,,,,,,,,,,,,@gmail.com
,,,,,,,,,,,,,,,,,,,,,,,,,Mach,true,11,100,100,https://www.linkedin.com/in/fermandois,Agustin,Fermandois,Full Stack,Mid-Senior,Software Engineer ,1,100@gmail.com,100@gmail.com,Santiago ğŸ‡¨ğŸ‡±,,,,,,,,,true,,,,,,,,,,,,,,,,,,,,,,,@gmail.com
,,,,,,,,,,,,,,,,,,,,,,,,,Mach,true,11,101,101,https://www.linkedin.com/in/gomezignacio,Ignacio,GÃ³mez Espinoza,Mobile,Senior,Software Engineer Manager ,1,101@gmail.com,101@gmail.com,Santiago ğŸ‡¨ğŸ‡±,,,,,,,,,true,,,,,,,,,,,,,,,,,,,,,,,@gmail.com
,,,,,,,,,,,,,,,,,,,,,,,,,Mach,true,11,102,102,https://www.linkedin.com/in/hizaguirre,Heilein,Izaguirre,Backend,Senior,Software Engineer ,1,102@gmail.com,102@gmail.com,Santiago ğŸ‡¨ğŸ‡±,,,,,,,,,true,,,,,,,,,,,,,,,,,,,,,,,@gmail.com
,,,,,,,,,,,,,,,,,,,,,,,,,Mach,true,11,103,103,https://www.linkedin.com/in/gonzalo-garc%C3%ADa-galleguillos-6a8767102,Gonzalo,GarcÃ­a Galleguillos,Backend,Mid-Senior,Software Engineer ,1,103@gmail.com,103@gmail.com,Santiago ğŸ‡¨ğŸ‡±,,,,,,,,,true,,,,,,,,,,,,,,,,,,,,,,,@gmail.com
,,,,,,,,,,,,,,,,,,,,,,,,,Mach,true,11,104,104,https://www.linkedin.com/in/francosep,Franco,SepÃºlveda Pantoja,Full Stack,Mid-Senior,Software Engineer ,1,104@gmail.com,104@gmail.com,Santiago ğŸ‡¨ğŸ‡±,,,,,,,,,true,,,,,,,,,,,,,,,,,,,,,,,@gmail.com
,,,,,,,,,,,,,,,,,,,,,,,,,Mach,true,11,105,105,https://www.linkedin.com/in/matias-humud-a94146103,Matias,Humud,Backend,Mid-Senior,Sr Software engineer ,1,105@gmail.com,105@gmail.com,Santiago ğŸ‡¨ğŸ‡±,,,,,,,,,true,,,,,,,,,,,,,,,,,,,,,,,@gmail.com
,,,,,,,,,,,,,,,,,,,,,,,,,Mach,true,11,106,106,https://www.linkedin.com/in/emmonscarlos,Carlos,Emmons,Mobile,Senior,Android Software Engineer,1,106@gmail.com,106@gmail.com,Santiago ğŸ‡¨ğŸ‡±,,,,,,,,,true,,,,,,,,,,,,,,,,,,,,,,,@gmail.com
,,,,,,,,,,,,,,,,,,,,,,,,,Mach,true,11,107,107,https://www.linkedin.com/in/mat%C3%ADas-valenzuela-fuentes-63a12b181,MatÃ­as,Valenzuela Fuentes,Backend,Mid-Senior,Software engineer ,1,107@gmail.com,107@gmail.com,Santiago ğŸ‡¨ğŸ‡±,,,,,,,,,true,,,,,,,,,,,,,,,,,,,,,,,@gmail.com
,,,,,,,,,,,,,,,,,,,,,,,,,Mach,true,11,108,108,https://www.linkedin.com/in/matusfelipe,Felipe,Matus D'Aurora,Mobile,Mid-Senior,Software engineer ,1,108@gmail.com,108@gmail.com,Santiago ğŸ‡¨ğŸ‡±,,,,,,,,,true,,,,,,,,,,,,,,,,,,,,,,,@gmail.com
,,,,,,,,,,,,,,,,,,,,,,,,,Mach,true,11,109,109,https://www.linkedin.com/in/andy-torres-353603147,Andy,Torres,Mobile,Mid-Senior,Software Engineer ,1,109@gmail.com,109@gmail.com,Santiago ğŸ‡¨ğŸ‡±,,,,,,,,,true,,,,,,,,,,,,,,,,,,,,,,,@gmail.com
,,,,,,,,,,,,,,,,,,,,,,,,,Mach,true,11,110,110,https://www.linkedin.com/in/pibarra-12,Pablo,Ibarra ,Backend ,Mid-Senior,Cloud Engineer ,1,110@gmail.com,110@gmail.com,Santiago ğŸ‡¨ğŸ‡±,,,,,,,,,true,,,,,,,,,,,,,,,,,,,,,,,@gmail.com
,,,,,,,,,,,,,,,,,,,,,,,,,Mach,true,11,111,111,https://www.linkedin.com/in/cristorb,CristÃ³bal,Rojas Bustos,DevOps,Senior,Sofware engineer ,1,111@gmail.com,111@gmail.com,Santiago ğŸ‡¨ğŸ‡±,,,,,,,,,true,,,,,,,,,,,,,,,,,,,,,,,@gmail.com
,,,,,,,,,,,,,,,,,,,,,,,,,Mediastream,true,12,112,112,https://www.linkedin.com/in/carlos-ruiz-425a4a104,Carlos,Ruiz,Full Stack ,Senior ,Full Stack Engineer,1,112@gmail.com,112@gmail.com,Santiago ğŸ‡¨ğŸ‡±,,,,,,,,,true,,,,,,,,,,,,,,,,,,,,,,,@gmail.com
,,,,,,,,,,,,,,,,,,,,,,,,,Mediastream,true,12,113,113,https://www.linkedin.com/in/alejandro-soto-gonzalez-0a763a109,Alejandro,Soto Gonzalez,Full Stack ,Senior ,Full Stack Developer ,1,113@gmail.com,113@gmail.com,Santiago ğŸ‡¨ğŸ‡±,,,,,,,,,true,,,,,,,,,,,,,,,,,,,,,,,@gmail.com
,,,,,,,,,,,,,,,,,,,,,,,,,Mediastream,true,12,114,114,https://www.linkedin.com/in/alejandro-jil-maturana,Alejandro,Jil Maturana,Full Stack ,Senior,Senior Developer,1,114@gmail.com,114@gmail.com,Santiago ğŸ‡¨ğŸ‡±,,,,,,,,,true,,,,,,,,,,,,,,,,,,,,,,,@gmail.com
,,,,,,,,,,,,,,,,,,,,,,,,,Mediastream,true,12,115,115,https://www.linkedin.com/in/leonardoloyo,Leonardo,Antonio Loyo,Full Stack ,Senior,Full-stack Developer ,1,115@gmail.com,115@gmail.com,Santiago ğŸ‡¨ğŸ‡±,,,,,,,,,true,,,,,,,,,,,,,,,,,,,,,,,@gmail.com
,,,,,,,,,,,,,,,,,,,,,,,,,Mediastream,true,12,116,116,https://www.linkedin.com/in/javiera-belen-mella-lagos,Javiera,BelÃ©n Mella Lagos,Full Stack ,Senior ,Developer ,1,116@gmail.com,116@gmail.com,Santiago ğŸ‡¨ğŸ‡±,,,,,,,,,true,,,,,,,,,,,,,,,,,,,,,,,@gmail.com
,,,,,,,,,,,,,,,,,,,,,,,,,Mediastream,true,12,117,117,https://www.linkedin.com/in/jos%C3%A9-leonardo-diaz-1203b866,JosÃ©,Leonardo Diaz,Full Stack ,Senior ,FullStack developer ,1,117@gmail.com,117@gmail.com,Santiago ğŸ‡¨ğŸ‡±,,,,,,,,,true,,,,,,,,,,,,,,,,,,,,,,,@gmail.com
,,,,,,,,,,,,,,,,,,,,,,,,,Mediastream,true,12,118,118,https://www.linkedin.com/in/mkogodoy,Marco,Godoy Lema,Manager,Senior,Lead Developer,1,118@gmail.com,118@gmail.com,Santiago ğŸ‡¨ğŸ‡±,,,,,,,,,true,,,,,,,,,,,,,,,,,,,,,,,@gmail.com
,,,,,,,,,,,,,,,,,,,,,,,,,Mediastream,true,12,119,119,https://www.linkedin.com/in/bbelmar,Boris,Belmar MuÃ±oz,Frontend,Senior,Frontend Developer ,1,119@gmail.com,119@gmail.com,Santiago ğŸ‡¨ğŸ‡±,,,,,,,,,true,,,,,,,,,,,,,,,,,,,,,,,@gmail.com
,,,,,,,,,,,,,,,,,,,,,,,,,Poliglota,true,13,120,120,https://www.linkedin.com/in/rudyard-fuster-07b54995,Rudyard,Fuster,Backend ,Senior ,Web developer ,1,120@gmail.com,120@gmail.com,Santiago ğŸ‡¨ğŸ‡±,,,,,,,,,true,,,,,,,,,,,,,,,,,,,,,,,@gmail.com
,,,,,,,,,,,,,,,,,,,,,,,,,Poliglota,true,13,121,121,https://www.linkedin.com/in/dinko-azema,dinko,azema,Backend ,Mid-Senior ,Tech Lead ,1,121@gmail.com,121@gmail.com,Santiago ğŸ‡¨ğŸ‡±,,,,,,,,,true,,,,,,,,,,,,,,,,,,,,,,,@gmail.com
,,,,,,,,,,,,,,,,,,,,,,,,,Poliglota,true,13,122,122,https://www.linkedin.com/in/mhuichamanb,Miguel,HuichamÃ¡n BriceÃ±o,Backend ,Mid-Senior ,Backend developer ,1,122@gmail.com,122@gmail.com,Santiago ğŸ‡¨ğŸ‡±,,,,,,,,,true,,,,,,,,,,,,,,,,,,,,,,,@gmail.com
,,,,,,,,,,,,,,,,,,,,,,,,,Poliglota,true,13,123,123,https://www.linkedin.com/in/samuel-cea-torres-322670153,Samuel,Cea Torres,Backend ,Mid-Senior ,Backend Engineer,1,123@gmail.com,123@gmail.com,Santiago ğŸ‡¨ğŸ‡±,,,,,,,,,true,,,,,,,,,,,,,,,,,,,,,,,@gmail.com
,,,,,,,,,,,,,,,,,,,,,,,,,Rankmi ,true,14,124,124,https://www.linkedin.com/in/felipeaxtell,Felipe,Axtell,Full Stack ,Mid-Senior,Full-stack Developer ,1,124@gmail.com,124@gmail.com,Santiago ğŸ‡¨ğŸ‡±,,,,,,,,,true,,,,,,,,,,,,,,,,,,,,,,,@gmail.com
,,,,,,,,,,,,,,,,,,,,,,,,,Rankmi ,true,14,125,125,https://www.linkedin.com/in/mariafmalave,MarÃ­a,Francis MalavÃ©,Full Stack ,Mid-Senior,FullStack developer ,1,125@gmail.com,125@gmail.com,Santiago ğŸ‡¨ğŸ‡±,,,,,,,,,true,,,,,,,,,,,,,,,,,,,,,,,@gmail.com
,,,,,,,,,,,,,,,,,,,,,,,,,Rankmi ,true,14,126,126,https://www.linkedin.com/in/germ%C3%A1n-reyes,GermÃ¡n,Reyes Donoso,Frontend,Mid-Senior,Front-end developer,1,126@gmail.com,126@gmail.com,Santiago ğŸ‡¨ğŸ‡±,,,,,,,,,true,,,,,,,,,,,,,,,,,,,,,,,@gmail.com
,,,,,,,,,,,,,,,,,,,,,,,,,Rankmi ,true,14,127,127,https://www.linkedin.com/in/carlos-azocar-414746119,Carlos,Azocar,Frontend,Senior ,Lead Frontend Developer ,1,127@gmail.com,127@gmail.com,Santiago ğŸ‡¨ğŸ‡±,,,,,,,,,true,,,,,,,,,,,,,,,,,,,,,,,@gmail.com
,,,,,,,,,,,,,,,,,,,,,,,,,Rankmi ,true,14,128,128,https://www.linkedin.com/in/jhoynerk,Jhoynerk,Caraballo,Backend ,Senior ,Team Lead Manager,1,128@gmail.com,128@gmail.com,Santiago ğŸ‡¨ğŸ‡±,,,,,,,,,true,,,,,,,,,,,,,,,,,,,,,,,@gmail.com
,,,,,,,,,,,,,,,,,,,,,,,,,Rankmi ,true,14,129,129,https://www.linkedin.com/in/marioygalvezq,Mario,GÃ¡lvez,Full Stack ,Senior ,Fullstack Lead Developer ,1,129@gmail.com,129@gmail.com,Santiago ğŸ‡¨ğŸ‡±,,,,,,,,,true,,,,,,,,,,,,,,,,,,,,,,,@gmail.com
,,,,,,,,,,,,,,,,,,,,,,,,,Rankmi ,true,14,130,130,https://www.linkedin.com/in/ariel-meri%C3%B1o-mena-47277ab5,Ariel,MeriÃ±o Mena,Backend ,Mid-Senior,Backend engineer ,1,130@gmail.com,130@gmail.com,Santiago ğŸ‡¨ğŸ‡±,,,,,,,,,true,,,,,,,,,,,,,,,,,,,,,,,@gmail.com
,,,,,,,,,,,,,,,,,,,,,,,,,Rankmi ,true,14,131,131,https://www.linkedin.com/in/javier-carri%C3%B3n-8136361a1,Javier,CarriÃ³n,Full Stack ,Senior ,Full Stack Developer,1,131@gmail.com,131@gmail.com,Santiago ğŸ‡¨ğŸ‡±,,,,,,,,,true,,,,,,,,,,,,,,,,,,,,,,,@gmail.com
,,,,,,,,,,,,,,,,,,,,,,,,,Recorrido,true,15,132,132,https://www.linkedin.com/in/osner,Osner,Rebette,Full Stack ,Senior,Full Stack Engineer,1,132@gmail.com,132@gmail.com,Santiago ğŸ‡¨ğŸ‡±,,,,,,,,,true,,,,,,,,,,,,,,,,,,,,,,,@gmail.com
,,,,,,,,,,,,,,,,,,,,,,,,,Recorrido,true,15,133,133,https://www.linkedin.com/in/jorgefuentes-gk,Jorge,Fuentes,Full Stack ,Senior,Sr Full-stack Developer ,1,133@gmail.com,133@gmail.com,Santiago ğŸ‡¨ğŸ‡±,,,,,,,,,true,,,,,,,,,,,,,,,,,,,,,,,@gmail.com
,,,,,,,,,,,,,,,,,,,,,,,,,Recorrido,true,15,134,134,https://www.linkedin.com/in/nicol%C3%A1s-pinilla-6abb7053,NicolÃ¡s,Pinilla,Full Stack ,Senior ,Sr Full Stack Developer,1,134@gmail.com,134@gmail.com,Santiago ğŸ‡¨ğŸ‡±,,,,,,,,,true,,,,,,,,,,,,,,,,,,,,,,,@gmail.com
,,,,,,,,,,,,,,,,,,,,,,,,,SimpliRoute ,true,16,135,135,https://www.linkedin.com/in/cgajardo,Carlos,Gajardo Maureira,Full Stack ,Senior ,Tech Lead,1,135@gmail.com,135@gmail.com,Santiago ğŸ‡¨ğŸ‡±,,,,,,,,,true,,,,,,,,,,,,,,,,,,,,,,,@gmail.com
,,,,,,,,,,,,,,,,,,,,,,,,,SimpliRoute ,true,16,136,136,https://www.linkedin.com/in/alexissaez,Alexis,FabiÃ¡n SÃ¡ez Parra,Full Stack ,Senior ,Software Engineer,1,136@gmail.com,136@gmail.com,Santiago ğŸ‡¨ğŸ‡±,,,,,,,,,true,,,,,,,,,,,,,,,,,,,,,,,@gmail.com
,,,,,,,,,,,,,,,,,,,,,,,,,SimpliRoute ,true,16,137,137,https://www.linkedin.com/in/fabian-osvaldo-urrutia-olivares-833829a8,Fabian,Osvaldo Urrutia Olivares,Full Stack ,Senior ,Software Engineer ,1,137@gmail.com,137@gmail.com,Santiago ğŸ‡¨ğŸ‡±,,,,,,,,,true,,,,,,,,,,,,,,,,,,,,,,,@gmail.com
,,,,,,,,,,,,,,,,,,,,,,,,,SimpliRoute ,true,16,138,138,https://www.linkedin.com/in/jose-labrin-aliste,JosÃ©,LabrÃ­n,-,Senior ,Developer,1,138@gmail.com,138@gmail.com,Santiago ğŸ‡¨ğŸ‡±,,,,,,,,,true,,,,,,,,,,,,,,,,,,,,,,,@gmail.com
,,,,,,,,,,,,,,,,,,,,,,,,,SimpliRoute,true,16,139,139,https://www.linkedin.com/in/framirezolea,Fernanda,VerÃ³nica RamÃ­rez Olea,Frontend,Senior,Frontend developer ,1,139@gmail.com,139@gmail.com,Santiago ğŸ‡¨ğŸ‡±,,,,,,,,,true,,,,,,,,,,,,,,,,,,,,,,,@gmail.com
,,,,,,,,,,,,,,,,,,,,,,,,,SimpliRoute,true,16,140,140,https://www.linkedin.com/in/jos%C3%A9-ignacio-moreno-vega-61783b173,JosÃ©,Ignacio Moreno Vega,Frontend ,Mid-Senior,Software Engineer,1,140@gmail.com,140@gmail.com,Santiago ğŸ‡¨ğŸ‡±,,,,,,,,,true,,,,,,,,,,,,,,,,,,,,,,,@gmail.com
,,,,,,,,,,,,,,,,,,,,,,,,,Talana,true,17,141,141,https://www.linkedin.com/in/sebasti%C3%A1n-d%C3%ADaz-10950049,SebastiÃ¡n,DÃ­az,Full Stack ,Senior,FullStack developer ,1,141@gmail.com,141@gmail.com,Santiago ğŸ‡¨ğŸ‡±,,,,,,,,,true,,,,,,,,,,,,,,,,,,,,,,,@gmail.com
,,,,,,,,,,,,,,,,,,,,,,,,,Talana,true,17,142,142,https://www.linkedin.com/in/alexander-gonzalez-martinez-6aaa1788,Alexander,Gonzalez Martinez,Full Stack ,Senior,Backend engineer ,1,142@gmail.com,142@gmail.com,Santiago ğŸ‡¨ğŸ‡±,,,,,,,,,true,,,,,,,,,,,,,,,,,,,,,,,@gmail.com
,,,,,,,,,,,,,,,,,,,,,,,,,Talana,true,17,143,143,https://www.linkedin.com/in/arnaldo-jes%C3%BAs-paredes-marchena-57671a7b,Arnaldo,JesÃºs Paredes Marchena,Full Stack ,Senior,Full Stack developer ,1,143@gmail.com,143@gmail.com,Santiago ğŸ‡¨ğŸ‡±,,,,,,,,,true,,,,,,,,,,,,,,,,,,,,,,,@gmail.com
,,,,,,,,,,,,,,,,,,,,,,,,,Talana,true,17,144,144,https://www.linkedin.com/in/edgardantonorsi,Edgard,Antonorsi Garcia,Backend ,Senior,Back-end Developer,1,144@gmail.com,144@gmail.com,Santiago ğŸ‡¨ğŸ‡±,,,,,,,,,true,,,,,,,,,,,,,,,,,,,,,,,@gmail.com
,,,,,,,,,,,,,,,,,,,,,,,,,Time Jobs,true,18,145,145,https://www.linkedin.com/in/edson-p,Edson,PÃ©rez Demanet,Full Stack ,Senior,Nodejs Developer,1,145@gmail.com,145@gmail.com,Santiago ğŸ‡¨ğŸ‡±,,,,,,,,,true,,,,,,,,,,,,,,,,,,,,,,,@gmail.com
,,,,,,,,,,,,,,,,,,,,,,,,,Time Jobs,true,18,146,146,https://www.linkedin.com/in/alesh1415,alejandro,sanchez,Frontend,Senior,Lead Front End Developer,1,146@gmail.com,146@gmail.com,Santiago ğŸ‡¨ğŸ‡±,,,,,,,,,true,,,,,,,,,,,,,,,,,,,,,,,@gmail.com
,,,,,,,,,,,,,,,,,,,,,,,,,Time Jobs,true,18,147,147,https://www.linkedin.com/in/yrnving-machado-3b119345,Yrnving,Machado,-,Senior,Tech lead ,1,147@gmail.com,147@gmail.com,Santiago ğŸ‡¨ğŸ‡±,,,,,,,,,true,,,,,,,,,,,,,,,,,,,,,,,@gmail.com
,,,,,,,,,,,,,,,,,,,,,,,,,Time Jobs,true,18,148,148,https://www.linkedin.com/in/daniel-elver-valderrama-mejia-7b393a86,Daniel,Elver Valderrama Mejia,Frontend,Mid-Senior,Developer Web Frontend,1,148@gmail.com,148@gmail.com,Santiago ğŸ‡¨ğŸ‡±,,,,,,,,,true,,,,,,,,,,,,,,,,,,,,,,,@gmail.com
,,,,,,,,,,,,,,,,,,,,,,,,,Webdox,true,19,149,149,https://www.linkedin.com/in/storresd,SebastiÃ¡n,Torres DurÃ¡n,Full Stack ,Senior ,Full Stack Engineer ,1,149@gmail.com,149@gmail.com,Santiago ğŸ‡¨ğŸ‡±,,,,,,,,,true,,,,,,,,,,,,,,,,,,,,,,,@gmail.com
,,,,,,,,,,,,,,,,,,,,,,,,,Webdox,true,19,150,150,https://www.linkedin.com/in/yrvin-escorihuela-83aa23111,Yrvin,Escorihuela,Full Stack ,Senior ,Fullstack Engineer,1,150@gmail.com,150@gmail.com,Santiago ğŸ‡¨ğŸ‡±,,,,,,,,,true,,,,,,,,,,,,,,,,,,,,,,,@gmail.com
,,,,,,,,,,,,,,,,,,,,,,,,,Webdox,true,19,151,151,https://www.linkedin.com/in/lporras,Luis,Alfredo Porras PÃ¡ez,Backend ,Senior ,Technical Lead,1,151@gmail.com,151@gmail.com,Santiago ğŸ‡¨ğŸ‡±,,,,,,,,,true,,,,,,,,,,,,,,,,,,,,,,,@gmail.com
,,,,,,,,,,,,,,,,,,,,,,,,,Webdox,true,19,152,152,https://www.linkedin.com/in/ecarrera,Emisael,Carrera,Frontend,Senior,Sr Frontend Developer,1,152@gmail.com,152@gmail.com,Santiago ğŸ‡¨ğŸ‡±,,,,,,,,,true,,,,,,,,,,,,,,,,,,,,,,,@gmail.com
,,,,,,,,,,,,,,,,,,,,,,,,,Webdox,true,19,153,153,https://www.linkedin.com/in/javiercarrizobrass,Javier,Carrizo,Data,Senior,Data engineer,1,153@gmail.com,153@gmail.com,Santiago ğŸ‡¨ğŸ‡±,,,,,,,,,true,,,,,,,,,,,,,,,,,,,,,,,@gmail.com
,,,,,,,,,,,,,,,,,,,,,,,,,WherEX,true,20,154,154,https://www.linkedin.com/in/pablo-molina-garc%C3%ADa-b96917125,Pablo,Molina GarcÃ­a,Full Stack ,Senior,Full Stack developer ,1,154@gmail.com,154@gmail.com,Santiago ğŸ‡¨ğŸ‡±,,,,,,,,,true,,,,,,,,,,,,,,,,,,,,,,,@gmail.com
,,,,,,,,,,,,,,,,,,,,,,,,,WherEX,true,20,155,155,https://www.linkedin.com/in/katherine-liberona-irarrazabal-76a843150,Katherine,Liberona Irarrazabal,Full Stack ,Mid-Senior,Full Stack Engineer ,1,155@gmail.com,155@gmail.com,Santiago ğŸ‡¨ğŸ‡±,,,,,,,,,true,,,,,,,,,,,,,,,,,,,,,,,@gmail.com
,,,,,,,,,,,,,,,,,,,,,,,,,WherEX,true,20,156,156,https://www.linkedin.com/in/gabriel-jim%C3%A9nez-solari-2083a438,Gabriel,JimÃ©nez Solari,Backend ,Senior,Tech Lead ,1,156@gmail.com,156@gmail.com,Santiago ğŸ‡¨ğŸ‡±,,,,,,,,,true,,,,,,,,,,,,,,,,,,,,,,,@gmail.com
,,,,,,,,,,,,,,,,,,,,,,,,,WherEX,true,20,157,157,https://www.linkedin.com/in/claudiocardenasdiaz,Claudio,CÃ¡rdenas DÃ­az,Full Stack ,Senior ,Tech Lead ,1,157@gmail.com,157@gmail.com,Santiago ğŸ‡¨ğŸ‡±,,,,,,,,,true,,,,,,,,,,,,,,,,,,,,,,,@gmail.com
,,,,,,,,,,,,,,,,,,,,,,,,,WherEX,true,20,158,158,https://www.linkedin.com/in/gabriel-zulian-219ab717b,Gabriel,Zulian,Backend ,Senior,Backend engineer ,1,158@gmail.com,158@gmail.com,Santiago ğŸ‡¨ğŸ‡±,,,,,,,,,true,,,,,,,,,,,,,,,,,,,,,,,@gmail.com
,,,,,,,,,,,,,,,,,,,,,,,,,WherEX,true,20,159,159,https://www.linkedin.com/in/robertocossio,Roberto,Cossio Correa,Frontend,Senior,Frontend developer ,1,159@gmail.com,159@gmail.com,Santiago ğŸ‡¨ğŸ‡±,,,,,,,,,true,,,,,,,,,,,,,,,,,,,,,,,@gmail.com
,,,,,,,,,,,,,,,,,,,,,,,,,WherEX,true,20,160,160,https://www.linkedin.com/in/crojasla,Carlos,Rojas,Backend ,Senior,Head of Architecture ,1,160@gmail.com,160@gmail.com,Santiago ğŸ‡¨ğŸ‡±,,,,,,,,,true,,,,,,,,,,,,,,,,,,,,,,,@gmail.com
,,,,,,,,,,,,,,,,,,,,,,,,,WherEX,true,20,161,161,https://www.linkedin.com/in/cristtopher,Cristtopher,Quintana,Full Stack ,Senior,Senior developer,1,161@gmail.com,161@gmail.com,Santiago ğŸ‡¨ğŸ‡±,,,,,,,,,true,,,,,,,,,,,,,,,,,,,,,,,@gmail.com
,,,,,,,,,,,,,,,,,,,,,,,,,WherEX,true,20,162,162,https://www.linkedin.com/in/alexis-oyarzo-222ba6a4,Alexis,Oyarzo,Full Stack ,Senior,Full-Stack developer ,1,162@gmail.com,162@gmail.com,Santiago ğŸ‡¨ğŸ‡±,,,,,,,,,true,,,,,,,,,,,,,,,,,,,,,,,@gmail.com
,,,,,,,,,,,,,,,,,,,,,,,,,Xepelin,true,21,163,163,https://www.linkedin.com/in/pablotoroespinoza,Pablo,Toro Espinoza,Full Stack,Senior,Technical Lead,1,163@gmail.com,163@gmail.com,Santiago ğŸ‡¨ğŸ‡±,,,,,,,,,true,,,,,,,,,,,,,,,,,,,,,,,@gmail.com
,,,,,,,,,,,,,,,,,,,,,,,,,Xepelin,true,21,164,164,https://www.linkedin.com/in/pagondel,Patricio,Gonzalez del Valle,Full Stack,Senior,Technical Lead,1,164@gmail.com,164@gmail.com,Santiago ğŸ‡¨ğŸ‡±,,,,,,,,,true,,,,,,,,,,,,,,,,,,,,,,,@gmail.com
,,,,,,,,,,,,,,,,,,,,,,,,,Xepelin,true,21,165,165,https://www.linkedin.com/in/rogelio-meza,Rogelio,Meza,Manager,Senior,Software engineer ,1,165@gmail.com,165@gmail.com,Santiago ğŸ‡¨ğŸ‡±,,,,,,,,,true,,,,,,,,,,,,,,,,,,,,,,,@gmail.com
,,,,,,,,,,,,,,,,,,,,,,,,,Xepelin,true,21,166,166,https://www.linkedin.com/in/sebavidal,SebastiÃ¡n,Vidal Aedo,Full Stack ,Senior,Fullstack engineer ,1,166@gmail.com,166@gmail.com,Santiago ğŸ‡¨ğŸ‡±,,,,,,,,,true,,,,,,,,,,,,,,,,,,,,,,,@gmail.com
,,,,,,,,,,,,,,,,,,,,,,,,,Xepelin,true,21,167,167,https://www.linkedin.com/in/driverosf,David,Riveros Fonseca,VP,Senior,VP of Engineering,1,167@gmail.com,167@gmail.com,Santiago ğŸ‡¨ğŸ‡±,,,,,,,,,true,,,,,,,,,,,,,,,,,,,,,,,@gmail.com
,,,,,,,,,,,,,,,,,,,,,,,,,Xepelin,true,21,168,168,https://www.linkedin.com/in/maximiliano-esteban-beltr%C3%A1n-oyarz%C3%BAn-890093129,Maximiliano,Esteban BeltrÃ¡n OyarzÃºn,Full Stack,Mid-Senior,Technical Lead,1,168@gmail.com,168@gmail.com,Santiago ğŸ‡¨ğŸ‡±,,,,,,,,,true,,,,,,,,,,,,,,,,,,,,,,,@gmail.com
,,,,,,,,,,,,,,,,,,,,,,,,,Xepelin,true,21,169,169,https://www.linkedin.com/in/felipe-sandoval-salas-2a9680111,Felipe,Sandoval Salas,Frontend,Mid-Senior,Front-end developer,1,169@gmail.com,169@gmail.com,Santiago ğŸ‡¨ğŸ‡±,,,,,,,,,true,,,,,,,,,,,,,,,,,,,,,,,@gmail.com
,,,,,,,,,,,,,,,,,,,,,,,,,Xepelin,true,21,170,170,https://www.linkedin.com/in/heinz-m%C3%B6ller-71038a64,Heinz,MÃ¶ller,Frontend,Senior,Front end Developer,1,170@gmail.com,170@gmail.com,Santiago ğŸ‡¨ğŸ‡±,,,,,,,,,true,,,,,,,,,,,,,,,,,,,,,,,@gmail.com
,,,,,,,,,,,,,,,,,,,,,,,,,Xepelin,true,21,171,171,https://www.linkedin.com/in/stefano-viacava,Stefano,Alessandro Viacava Fonseca,DevOps,Mid-Senior,QA engineer ,1,171@gmail.com,171@gmail.com,Santiago ğŸ‡¨ğŸ‡±,,,,,,,,,true,,,,,,,,,,,,,,,,,,,,,,,@gmail.com
,,,,,,,,,,,,,,,,,,,,,,,,,Xepelin,true,21,172,172,https://www.linkedin.com/in/cristhian-saavedra-cl,Cristhian,Saavedra,DevOps,Senior,DevOps Engineer ,1,172@gmail.com,172@gmail.com,Santiago ğŸ‡¨ğŸ‡±,,,,,,,,,true,,,,,,,,,,,,,,,,,,,,,,,@gmail.com
,,,,,,,,,,,,,,,,,,,,,,,,,Xepelin,true,21,173,173,https://www.linkedin.com/in/daniellopezdonoso,Daniel,LÃ³pez Donoso,Frontend,Mid-Senior,Frontend Developer,1,173@gmail.com,173@gmail.com,Santiago ğŸ‡¨ğŸ‡±,,,,,,,,,true,,,,,,,,,,,,,,,,,,,,,,,@gmail.com
,,,,,,,,,,,,,,,,,,,,,,,,,Xepelin,true,21,174,174,https://www.linkedin.com/in/lfsagostini,Luis,Fernando Sanchez Agostini,Backend ,Mid-Senior,Technical Lead,1,174@gmail.com,174@gmail.com,Santiago ğŸ‡¨ğŸ‡±,,,,,,,,,true,,,,,,,,,,,,,,,,,,,,,,,@gmail.com
,,,,,,,,,,,,,,,,,,,,,,,,,Mulesoft ,true ,22,175,175,https://www.linkedin.com/in/nicolas-burroni,NicolÃ¡s,Burroni,Full Stack,Senior,FullStack software engineer ,2,175@gmail.com,175@gmail.com,Buenos Aires ğŸ‡¦ğŸ‡·,,,,,,,,,true,,,,,,,,,,,,,,,,,,,,,,,@gmail.com
,,,,,,,,,,,,,,,,,,,,,,,,,Mulesoft ,true ,22,176,176,https://www.linkedin.com/in/nicolas-ambroa-6798294b,Nicolas,Ambroa,Full Stack,Senior,Software Engineer ,2,176@gmail.com,176@gmail.com,Buenos Aires ğŸ‡¦ğŸ‡·,,,,,,,,,true,,,,,,,,,,,,,,,,,,,,,,,@gmail.com
,,,,,,,,,,,,,,,,,,,,,,,,,Mulesoft ,true ,22,177,177,https://www.linkedin.com/in/agustinmedina11,Agustin,Medina,Full Stack,Mid-Senior,Software Engineer ,2,177@gmail.com,177@gmail.com,Buenos Aires ğŸ‡¦ğŸ‡·,,,,,,,,,true,,,,,,,,,,,,,,,,,,,,,,,@gmail.com
,,,,,,,,,,,,,,,,,,,,,,,,,Mulesoft ,true ,22,178,178,https://www.linkedin.com/in/mariano-rean-bb21b2119,Mariano,Rean,Backend,Mid-Senior,Software Engineer ,2,178@gmail.com,178@gmail.com,Buenos Aires ğŸ‡¦ğŸ‡·,,,,,,,,,true,,,,,,,,,,,,,,,,,,,,,,,@gmail.com
,,,,,,,,,,,,,,,,,,,,,,,,,Mulesoft ,true ,22,179,179,https://www.linkedin.com/in/nledesma92,NicolÃ¡s,Ledesma,Full Stack,Senior,Senior Software Engineer,2,179@gmail.com,179@gmail.com,Buenos Aires ğŸ‡¦ğŸ‡·,,,,,,,,,true,,,,,,,,,,,,,,,,,,,,,,,@gmail.com
,,,,,,,,,,,,,,,,,,,,,,,,,Mulesoft ,true ,22,180,180,https://www.linkedin.com/in/federico-brasburg-08680b32,Federico,Brasburg,Backend,Senior,Senior Software Engineer ,2,180@gmail.com,180@gmail.com,Buenos Aires ğŸ‡¦ğŸ‡·,,,,,,,,,true,,,,,,,,,,,,,,,,,,,,,,,@gmail.com
,,,,,,,,,,,,,,,,,,,,,,,,,Mulesoft ,true ,22,181,181,https://www.linkedin.com/in/leandro-bauret,Leandro,Bauret,Backend,Senior,Senior Software Engineer,2,181@gmail.com,181@gmail.com,Buenos Aires ğŸ‡¦ğŸ‡·,,,,,,,,,true,,,,,,,,,,,,,,,,,,,,,,,@gmail.com
,,,,,,,,,,,,,,,,,,,,,,,,,Mulesoft ,true ,22,182,182,https://www.linkedin.com/in/nicolas-battiato-37a79191,Nicolas,Battiato,Backend,Senior,Senior Software Engineer,2,182@gmail.com,182@gmail.com,Buenos Aires ğŸ‡¦ğŸ‡·,,,,,,,,,true,,,,,,,,,,,,,,,,,,,,,,,@gmail.com
,,,,,,,,,,,,,,,,,,,,,,,,,Mulesoft ,true ,22,183,183,https://www.linkedin.com/in/ramiro-ariel-vazquez-b84b74168,Ramiro,Ariel Vazquez,Full Stack,Senior,Software Engineer ,2,183@gmail.com,183@gmail.com,Buenos Aires ğŸ‡¦ğŸ‡·,,,,,,,,,true,,,,,,,,,,,,,,,,,,,,,,,@gmail.com
,,,,,,,,,,,,,,,,,,,,,,,,,Mulesoft ,true ,22,184,184,https://www.linkedin.com/in/david-cooper-developer,David,Cooper,Full Stack,Senior,MuleSoft Software Engineer,2,184@gmail.com,184@gmail.com,Buenos Aires ğŸ‡¦ğŸ‡·,,,,,,,,,true,,,,,,,,,,,,,,,,,,,,,,,@gmail.com
,,,,,,,,,,,,,,,,,,,,,,,,,Mulesoft ,true ,22,185,185,https://www.linkedin.com/in/alejandro-otero-2078ba35,Alejandro,Otero,Full Stack,Mid-Senior,Software Engineer,2,185@gmail.com,185@gmail.com,Buenos Aires ğŸ‡¦ğŸ‡·,,,,,,,,,true,,,,,,,,,,,,,,,,,,,,,,,@gmail.com
,,,,,,,,,,,,,,,,,,,,,,,,,Mulesoft ,true ,22,186,186,https://www.linkedin.com/in/francisco-di-giandomenico-57263b111,Francisco,Di Giandomenico,Full Stack,Mid-Senior,Software Engineer ,2,186@gmail.com,186@gmail.com,Buenos Aires ğŸ‡¦ğŸ‡·,,,,,,,,,true,,,,,,,,,,,,,,,,,,,,,,,@gmail.com
,,,,,,,,,,,,,,,,,,,,,,,,,Mulesoft ,true ,22,187,187,https://www.linkedin.com/in/sebiglesias,Sebastian,Iglesias,Full Stack,Senior,Senior Software Engineer ,2,187@gmail.com,187@gmail.com,Buenos Aires ğŸ‡¦ğŸ‡·,,,,,,,,,true,,,,,,,,,,,,,,,,,,,,,,,@gmail.com
,,,,,,,,,,,,,,,,,,,,,,,,,Mulesoft ,true ,22,188,188,https://www.linkedin.com/in/javier-isoldi-5a937091,Javier,Isoldi,Backend,Senior,Lead Software Engineer ,2,188@gmail.com,188@gmail.com,Buenos Aires ğŸ‡¦ğŸ‡·,,,,,,,,,true,,,,,,,,,,,,,,,,,,,,,,,@gmail.com
,,,,,,,,,,,,,,,,,,,,,,,,,Mulesoft ,true ,22,189,189,https://www.linkedin.com/in/fpiacentini,Federico,Piacentini,Full Stack,Mid-Senior,Software Engineer ,2,189@gmail.com,189@gmail.com,Buenos Aires ğŸ‡¦ğŸ‡·,,,,,,,,,true,,,,,,,,,,,,,,,,,,,,,,,@gmail.com
,,,,,,,,,,,,,,,,,,,,,,,,,Mulesoft ,true ,22,190,190,https://www.linkedin.com/in/ignacio-vazquez,Ignacio,Vazquez Agostinho,Full Stack,Mid-Senior,Software Engineer ,2,190@gmail.com,190@gmail.com,Buenos Aires ğŸ‡¦ğŸ‡·,,,,,,,,,true,,,,,,,,,,,,,,,,,,,,,,,@gmail.com
,,,,,,,,,,,,,,,,,,,,,,,,,Mulesoft ,true ,22,191,191,https://www.linkedin.com/in/tmsmateus,TomÃ¡s,Mateus,Backend,Senior,Software Engineer ,2,191@gmail.com,191@gmail.com,Buenos Aires ğŸ‡¦ğŸ‡·,,,,,,,,,true,,,,,,,,,,,,,,,,,,,,,,,@gmail.com
,,,,,,,,,,,,,,,,,,,,,,,,,Mulesoft ,true ,22,192,192,https://www.linkedin.com/in/carolina-wright,Carolina,Wright,Backend,Mid-Senior,Software Engineer,2,192@gmail.com,192@gmail.com,Buenos Aires ğŸ‡¦ğŸ‡·,,,,,,,,,true,,,,,,,,,,,,,,,,,,,,,,,@gmail.com
,,,,,,,,,,,,,,,,,,,,,,,,,Mulesoft ,true ,22,193,193,https://www.linkedin.com/in/camila-serra-b7546577,Camila,Serra,Full Stack,Senior,Software Engineer ,2,193@gmail.com,193@gmail.com,Buenos Aires ğŸ‡¦ğŸ‡·,,,,,,,,,true,,,,,,,,,,,,,,,,,,,,,,,@gmail.com
,,,,,,,,,,,,,,,,,,,,,,,,,Mulesoft ,true ,22,194,194,https://www.linkedin.com/in/mariana-d-abreu-462722174,Mariana,D'Abreu,Backend,Senior,Senior Software Engineer,2,194@gmail.com,194@gmail.com,Buenos Aires ğŸ‡¦ğŸ‡·,,,,,,,,,true,,,,,,,,,,,,,,,,,,,,,,,@gmail.com
,,,,,,,,,,,,,,,,,,,,,,,,,Mulesoft ,true ,22,195,195,https://www.linkedin.com/in/andres-martinez-4915b411b,Andres,Martinez,Backend,Senior,Software Engineer ,2,195@gmail.com,195@gmail.com,Buenos Aires ğŸ‡¦ğŸ‡·,,,,,,,,,true,,,,,,,,,,,,,,,,,,,,,,,@gmail.com
,,,,,,,,,,,,,,,,,,,,,,,,,Mulesoft ,true ,22,196,196,https://www.linkedin.com/in/alejoabdala,Alejo,Abdala,Backend,Senior,Lead Software Engineer ,2,196@gmail.com,196@gmail.com,Buenos Aires ğŸ‡¦ğŸ‡·,,,,,,,,,true,,,,,,,,,,,,,,,,,,,,,,,@gmail.com
,,,,,,,,,,,,,,,,,,,,,,,,,Mulesoft ,true ,22,197,197,https://www.linkedin.com/in/juanbacapaunero,Juan,Baca Paunero,Backend,Senior,Software Engineer ,2,197@gmail.com,197@gmail.com,Buenos Aires ğŸ‡¦ğŸ‡·,,,,,,,,,true,,,,,,,,,,,,,,,,,,,,,,,@gmail.com
,,,,,,,,,,,,,,,,,,,,,,,,,Mulesoft ,true ,22,198,198,https://www.linkedin.com/in/llibarona,Leandro,Libarona,Backend,Mid-Senior,Software Engineer,2,198@gmail.com,198@gmail.com,Buenos Aires ğŸ‡¦ğŸ‡·,,,,,,,,,true,,,,,,,,,,,,,,,,,,,,,,,@gmail.com
,,,,,,,,,,,,,,,,,,,,,,,,,Mulesoft ,true ,22,199,199,https://www.linkedin.com/in/matias-sarapura,Matias,Nicolas Sarapura,Backend,Senior,Software Engineer ,2,199@gmail.com,199@gmail.com,Buenos Aires ğŸ‡¦ğŸ‡·,,,,,,,,,true,,,,,,,,,,,,,,,,,,,,,,,@gmail.com
,,,,,,,,,,,,,,,,,,,,,,,,,Mulesoft ,true ,22,200,200,https://www.linkedin.com/in/juldiaz,Julian,Diaz,Full Stack,Senior,Software Engineer ,2,200@gmail.com,200@gmail.com,Buenos Aires ğŸ‡¦ğŸ‡·,,,,,,,,,true,,,,,,,,,,,,,,,,,,,,,,,@gmail.com
,,,,,,,,,,,,,,,,,,,,,,,,,Mulesoft ,true ,22,201,201,https://www.linkedin.com/in/mat%C3%ADas-cano-1b1a57135,MatÃ­as,Cano,Backend,Mid-Senior,Software Engineer,2,201@gmail.com,201@gmail.com,Buenos Aires ğŸ‡¦ğŸ‡·,,,,,,,,,true,,,,,,,,,,,,,,,,,,,,,,,@gmail.com
,,,,,,,,,,,,,,,,,,,,,,,,,Mulesoft ,true ,22,202,202,https://www.linkedin.com/in/sandra-untersander-8a8198,Sandra,Untersander,Backend,Staff,Software Engineer ,2,202@gmail.com,202@gmail.com,Buenos Aires ğŸ‡¦ğŸ‡·,,,,,,,,,true,,,,,,,,,,,,,,,,,,,,,,,@gmail.com
,,,,,,,,,,,,,,,,,,,,,,,,,Mulesoft ,true ,22,203,203,https://www.linkedin.com/in/lucas-giordano-1391972b,Lucas,Giordano,Full Stack,Senior,Senior Software Engineer,2,203@gmail.com,203@gmail.com,Buenos Aires ğŸ‡¦ğŸ‡·,,,,,,,,,true,,,,,,,,,,,,,,,,,,,,,,,@gmail.com
,,,,,,,,,,,,,,,,,,,,,,,,,Mulesoft ,true ,22,204,204,https://www.linkedin.com/in/juan-pablo-jacob-a6863151,Juan,Pablo Jacob,Full Stack,Senior,Lead Software Engineer ,2,204@gmail.com,204@gmail.com,Buenos Aires ğŸ‡¦ğŸ‡·,,,,,,,,,true,,,,,,,,,,,,,,,,,,,,,,,@gmail.com
,,,,,,,,,,,,,,,,,,,,,,,,,Mulesoft ,true ,22,205,205,https://www.linkedin.com/in/ana-czarnitzki-estrin-308961ba,Ana,Czarnitzki Estrin,Backend,Mid-Senior,Senior Software Engineer ,2,205@gmail.com,205@gmail.com,Buenos Aires ğŸ‡¦ğŸ‡·,,,,,,,,,true,,,,,,,,,,,,,,,,,,,,,,,@gmail.com
,,,,,,,,,,,,,,,,,,,,,,,,,Mulesoft ,true ,22,206,206,https://www.linkedin.com/in/lorena-pressiani-95623215,Lorena,Pressiani,Backend,Senior,Software Engineer ,2,206@gmail.com,206@gmail.com,Buenos Aires ğŸ‡¦ğŸ‡·,,,,,,,,,true,,,,,,,,,,,,,,,,,,,,,,,@gmail.com
,,,,,,,,,,,,,,,,,,,,,,,,,Mulesoft ,true ,22,207,207,https://www.linkedin.com/in/sebasti%C3%A1n-capotondo-29b13aa7,SebastiÃ¡n,Capotondo,Full Stack,Senior,Senior Software Engineer,2,207@gmail.com,207@gmail.com,Buenos Aires ğŸ‡¦ğŸ‡·,,,,,,,,,true,,,,,,,,,,,,,,,,,,,,,,,@gmail.com
,,,,,,,,,,,,,,,,,,,,,,,,,Mulesoft ,true ,22,208,208,https://www.linkedin.com/in/javier-capotondo-1b8bb9b3,Javier,Capotondo,Full Stack,Mid-Senior,Software Engineer ,2,208@gmail.com,208@gmail.com,Buenos Aires ğŸ‡¦ğŸ‡·,,,,,,,,,true,,,,,,,,,,,,,,,,,,,,,,,@gmail.com
,,,,,,,,,,,,,,,,,,,,,,,,,Mulesoft ,true ,22,209,209,https://www.linkedin.com/in/adolfo-joel-c-b8875054,Adolfo,Joel C,Backend,Staff,Software Engineer,2,209@gmail.com,209@gmail.com,Buenos Aires ğŸ‡¦ğŸ‡·,,,,,,,,,true,,,,,,,,,,,,,,,,,,,,,,,@gmail.com
,,,,,,,,,,,,,,,,,,,,,,,,,Mulesoft ,true ,22,210,210,https://www.linkedin.com/in/juan-aller-461103a8,Juan,Aller,Backend,Senior,Software Engineer,2,210@gmail.com,210@gmail.com,Buenos Aires ğŸ‡¦ğŸ‡·,,,,,,,,,true,,,,,,,,,,,,,,,,,,,,,,,@gmail.com
,,,,,,,,,,,,,,,,,,,,,,,,,Mulesoft ,true ,22,211,211,https://www.linkedin.com/in/hgegenschatz,Hernan,Gegenschatz,Backend,Senior,Services Engineer ,2,211@gmail.com,211@gmail.com,Buenos Aires ğŸ‡¦ğŸ‡·,,,,,,,,,true,,,,,,,,,,,,,,,,,,,,,,,@gmail.com
,,,,,,,,,,,,,,,,,,,,,,,,,Mulesoft ,true ,22,212,212,https://www.linkedin.com/in/francisco-ceriani,Francisco,Ceriani,Backend,Senior,Senior Software Engineer,2,212@gmail.com,212@gmail.com,Buenos Aires ğŸ‡¦ğŸ‡·,,,,,,,,,true,,,,,,,,,,,,,,,,,,,,,,,@gmail.com
,,,,,,,,,,,,,,,,,,,,,,,,,Mulesoft ,true ,22,213,213,https://www.linkedin.com/in/sebastian-elizalde,Sebastian,Elizalde,Backend,Mid-Senior,Software Engineer ,2,213@gmail.com,213@gmail.com,Buenos Aires ğŸ‡¦ğŸ‡·,,,,,,,,,true,,,,,,,,,,,,,,,,,,,,,,,@gmail.com
,,,,,,,,,,,,,,,,,,,,,,,,,Mulesoft ,true ,22,214,214,https://www.linkedin.com/in/damiancourtil,Damian,Courtil,Backend,Staff,Software Engineer,2,214@gmail.com,214@gmail.com,Buenos Aires ğŸ‡¦ğŸ‡·,,,,,,,,,true,,,,,,,,,,,,,,,,,,,,,,,@gmail.com
,,,,,,,,,,,,,,,,,,,,,,,,,Mulesoft ,true ,22,215,215,https://www.linkedin.com/in/christian-chibana-32406616b,Christian,Chibana,Backend,Mid-Senior,Software Engineer ,2,215@gmail.com,215@gmail.com,Buenos Aires ğŸ‡¦ğŸ‡·,,,,,,,,,true,,,,,,,,,,,,,,,,,,,,,,,@gmail.com
,,,,,,,,,,,,,,,,,,,,,,,,,Mulesoft ,true ,22,216,216,https://www.linkedin.com/in/tomasfox,TomÃ¡s,Fox,Frontend,Senior,Senior Software Engineer,2,216@gmail.com,216@gmail.com,Buenos Aires ğŸ‡¦ğŸ‡·,,,,,,,,,true,,,,,,,,,,,,,,,,,,,,,,,@gmail.com
,,,,,,,,,,,,,,,,,,,,,,,,,Mulesoft ,true ,22,217,217,https://www.linkedin.com/in/juli%C3%A1n-galati-596111191,JuliÃ¡n,Galati,Full Stack,Senior,Senior Services Engineer,2,217@gmail.com,217@gmail.com,Buenos Aires ğŸ‡¦ğŸ‡·,,,,,,,,,true,,,,,,,,,,,,,,,,,,,,,,,@gmail.com
,,,,,,,,,,,,,,,,,,,,,,,,,Mulesoft ,true ,22,218,218,https://www.linkedin.com/in/alejandro-loose-675a43bb,Alejandro,Loose,Backend,Senior,Software Engineer ,2,218@gmail.com,218@gmail.com,Buenos Aires ğŸ‡¦ğŸ‡·,,,,,,,,,true,,,,,,,,,,,,,,,,,,,,,,,@gmail.com
,,,,,,,,,,,,,,,,,,,,,,,,,Mulesoft ,true ,22,219,219,https://www.linkedin.com/in/ericbrandwein,Eric,Brandwein,Full Stack,Senior,Software Engineer,2,219@gmail.com,219@gmail.com,Buenos Aires ğŸ‡¦ğŸ‡·,,,,,,,,,true,,,,,,,,,,,,,,,,,,,,,,,@gmail.com
,,,,,,,,,,,,,,,,,,,,,,,,,Mulesoft ,true ,22,220,220,https://www.linkedin.com/in/ezequiel-maximiliano-werner-88353b110,Ezequiel,Maximiliano Werner,Backend,Staff,Software Engineer ,2,220@gmail.com,220@gmail.com,Buenos Aires ğŸ‡¦ğŸ‡·,,,,,,,,,true,,,,,,,,,,,,,,,,,,,,,,,@gmail.com
,,,,,,,,,,,,,,,,,,,,,,,,,Mulesoft ,true ,22,221,221,https://www.linkedin.com/in/jos%C3%A9-francisco-soler-1a678a120,JosÃ©,Francisco Soler,Full Stack,Senior,Senior Software Engineer,2,221@gmail.com,221@gmail.com,Buenos Aires ğŸ‡¦ğŸ‡·,,,,,,,,,true,,,,,,,,,,,,,,,,,,,,,,,@gmail.com
,,,,,,,,,,,,,,,,,,,,,,,,,Mulesoft ,true ,22,222,222,https://www.linkedin.com/in/lorena-soledad-daicich-292839b6,Lorena,Soledad Daicich,Backend,Senior,Software Engineer ,2,222@gmail.com,222@gmail.com,Buenos Aires ğŸ‡¦ğŸ‡·,,,,,,,,,true,,,,,,,,,,,,,,,,,,,,,,,@gmail.com
,,,,,,,,,,,,,,,,,,,,,,,,,Mulesoft ,true ,22,223,223,https://www.linkedin.com/in/philip-garrett,Philip,Garrett,Full Stack,Senior,Software Engineer ,2,223@gmail.com,223@gmail.com,Buenos Aires ğŸ‡¦ğŸ‡·,,,,,,,,,true,,,,,,,,,,,,,,,,,,,,,,,@gmail.com
,,,,,,,,,,,,,,,,,,,,,,,,,Mulesoft ,true ,22,224,224,https://www.linkedin.com/in/melisa-anabella-rossi-0a1749b3,Melisa,Anabella Rossi,Frontend,Senior,Senior Software Engineer ,2,224@gmail.com,224@gmail.com,Buenos Aires ğŸ‡¦ğŸ‡·,,,,,,,,,true,,,,,,,,,,,,,,,,,,,,,,,@gmail.com
,,,,,,,,,,,,,,,,,,,,,,,,,,,39,27,,,Test,Recruiter,,,Tech recruiter,,techrecruiter1@gmail.com,techrecruiter1@gmail.com,,,,,,,,,,,,,,,,1,true,,,,,,,,,,,,,,,,
,,,,,,,,,,,,,,,,,,,,,,,,,,,40,30,,,,,,,,,,,,,,,,,,,,,,,,,,,,,,,,,,,,,,,,,,,
,,,,,,,,,,,,,,,,,,,,,,,,,,,41,57,,,,,,,,,,,,,,,,,,,,,,,,,,,,,,,,,,,,,,,,,,,
,,,,,,,,,,,,,,,,,,,,,,,,,,,42,57,,,,,,,,,,,,,,,,,,,,,,,,,,,,,,,,,,,,,,,,,,,
,,,,,,,,,,,,,,,,,,,,,,,,,,,43,70,,,,,,,,,,,,,,,,,,,,,,,,,,,,,,,,,,,,,,,,,,,
,,,,,,,,,,,,,,,,,,,,,,,,,,,44,79,,,,,,,,,,,,,,,,,,,,,,,,,,,,,,,,,,,,,,,,,,,
,,,,,,,,,,,,,,,,,,,,,,,,,,,44,82,,,,,,,,,,,,,,,,,,,,,,,,,,,,,,,,,,,,,,,,,,,
,,,,,,,,,,,,,,,,,,,,,,,,,,,45,82,,,,,,,,,,,,,,,,,,,,,,,,,,,,,,,,,,,,,,,,,,,